"","DateTime","Depth","Tot_V"
"1","2017-08-27",NA,362563.3464
"2","2017-08-28",NA,364549.7752
"3","2017-08-29",NA,364685.1023
"4","2017-08-30",NA,365023.42
"5","2017-08-31",NA,365023.42
"6","2017-09-01",NA,365023.42
"7","2017-09-02",NA,367120.9898
"8","2017-09-03",NA,367459.3075
"9","2017-09-04",NA,367296.915
"10","2017-09-05",NA,367296.915
"11","2017-09-06",NA,367432.2421
"12","2017-09-07",NA,367506.672
"13","2017-09-08",NA,367296.915
"14","2017-09-09",NA,367181.887
"15","2017-09-10",NA,373068.6151
"16","2017-09-11",NA,391283.6405
"17","2017-09-12",NA,395722.3689
"18","2017-09-13",NA,396811.7519
"19","2017-09-14",NA,397887.6022
"20","2017-09-15",NA,398916.088
"21","2017-09-16",NA,399836.3122
"22","2017-09-17",NA,400682.1065
"23","2017-09-18",NA,401446.7045
"24","2017-09-19",NA,402163.938
"25","2017-09-20",NA,402948.8351
"26","2017-09-21",NA,403693.1341
"27","2017-09-22",NA,404390.0685
"28","2017-09-23",NA,405032.8722
"29","2017-09-24",NA,405817.7693
"30","2017-09-25",NA,406433.5075
"31","2017-09-26",NA,407028.9467
"32","2017-09-27",NA,407590.5541
"33","2017-09-28",NA,408118.3297
"34","2017-09-29",NA,408882.9277
"35","2017-09-30",NA,409661.0584
"36","2017-10-01",NA,411345.8806
"37","2017-10-02",NA,414370.4409
"38","2017-10-03",NA,414959.1137
"39","2017-10-04",NA,415195.9361
"40","2017-10-05",NA,415628.9828
"41","2017-10-06",NA,416285.3192
"42","2017-10-07",NA,416867.2256
"43","2017-10-08",NA,417537.0947
"44","2017-10-09",NA,418802.4029
"45","2017-10-10",NA,419039.2253
"46","2017-10-11",NA,419519.6365
"47","2017-10-12",NA,419587.3
"48","2017-10-13",NA,419587.3
"49","2017-10-14",NA,419864.7205
"50","2017-10-15",NA,420216.5709
"51","2017-10-16",NA,420236.87
"52","2017-10-17",NA,421867.5614
"53","2017-10-18",NA,422185.58
"54","2017-10-19",NA,422185.58
"55","2017-10-20",NA,422185.58
"56","2017-10-21",NA,422205.8791
"57","2017-10-22",NA,422638.9257
"58","2017-10-23",NA,422970.4771
"59","2017-10-24",NA,424134.29
"60","2017-10-25",NA,424134.29
"61","2017-10-26",NA,424005.7293
"62","2017-10-27",NA,423809.505
"63","2017-10-28",NA,424012.4956
"64","2017-10-29",NA,424134.29
"65","2017-10-30",NA,423829.8041
"66","2017-10-31",NA,423809.505
"67","2017-11-01",NA,423809.505
"68","2017-11-02",NA,423938.0657
"69","2017-11-03",NA,424134.29
"70","2017-11-04",NA,424134.29
"71","2017-11-05",NA,424323.7479
"72","2017-11-06",NA,424472.6077
"73","2017-11-07",NA,424783.86
"74","2017-11-08",NA,424783.86
"75","2017-11-09",NA,424831.2245
"76","2017-11-10",NA,424946.2525
"77","2017-11-11",NA,424783.86
"78","2017-11-12",NA,424783.86
"79","2017-11-13",NA,424912.4207
"80","2017-11-14",NA,425101.8786
"81","2017-11-15",NA,424783.86
"82","2017-11-16",NA,424783.86
"83","2017-11-17",NA,424783.86
"84","2017-11-18",NA,424783.86
"85","2017-11-19",NA,424912.4207
"86","2017-11-20",NA,424837.9908
"87","2017-11-21",NA,424567.3367
"88","2017-11-22",NA,423802.7386
"89","2017-11-23",NA,425460.4954
"90","2017-11-24",NA,428153.5044
"91","2017-11-25",NA,428356.495
"92","2017-11-26",NA,428356.495
"93","2017-11-27",NA,428356.495
"94","2017-11-28",NA,428356.495
"95","2017-11-29",NA,428356.495
"96","2017-11-30",NA,428356.495
"97","2017-12-01",NA,428356.495
"98","2017-12-02",NA,428356.495
"99","2017-12-03",NA,428356.495
"100","2017-12-04",NA,428356.495
"101","2017-12-05",NA,428356.495
"102","2017-12-06",NA,428356.495
"103","2017-12-07",NA,428356.495
"104","2017-12-08",NA,428965.4669
"105","2017-12-09",NA,431117.1675
"106","2017-12-10",NA,431157.7656
"107","2017-12-11",NA,430954.775
"108","2017-12-12",NA,430954.775
"109","2017-12-13",NA,430954.775
"110","2017-12-14",NA,430954.775
"111","2017-12-15",NA,430954.775
"112","2017-12-16",NA,430954.775
"113","2017-12-17",NA,430954.775
"114","2017-12-18",NA,430995.3731
"115","2017-12-19",NA,431279.56
"116","2017-12-20",NA,431353.9899
"117","2017-12-21",NA,431604.345
"118","2017-12-22",NA,431604.345
"119","2017-12-23",NA,431604.345
"120","2017-12-24",NA,431604.345
"121","2017-12-25",NA,431570.5132
"122","2017-12-26",NA,431002.1395
"123","2017-12-27",NA,430954.775
"124","2017-12-28",NA,430954.775
"125","2017-12-29",NA,430941.2423
"126","2017-12-30",NA,430629.99
"127","2017-12-31",NA,430413.4667
"128","2018-01-01",NA,430305.205
"129","2018-01-02",NA,430203.7097
"130","2018-01-03",NA,430643.5227
"131","2018-01-04",NA,431604.345
"132","2018-01-05",NA,431475.7843
"133","2018-01-06",NA,431279.56
"134","2018-01-07",NA,431252.4946
"135","2018-01-08",NA,431029.2049
"136","2018-01-09",NA,NA
"137","2018-01-10",NA,432152.4197
"138","2018-01-11",NA,432578.7
"139","2018-01-12",NA,432700.4944
"140","2018-01-13",NA,433099.7093
"141","2018-01-14",NA,432578.7
"142","2018-01-15",NA,432578.7
"143","2018-01-16",NA,432578.7
"144","2018-01-17",NA,432456.9056
"145","2018-01-18",NA,431935.8964
"146","2018-01-19",NA,431929.13
"147","2018-01-20",NA,431929.13
"148","2018-01-21",NA,431712.6067
"149","2018-01-22",NA,431604.345
"150","2018-01-23",NA,431874.9992
"151","2018-01-24",NA,431935.8964
"152","2018-01-25",NA,431929.13
"153","2018-01-26",NA,431712.6067
"154","2018-01-27",NA,431604.345
"155","2018-01-28",NA,431469.0179
"156","2018-01-29",NA,434649.2044
"157","2018-01-30",NA,431739.6721
"158","2018-01-31",NA,432402.7748
"159","2018-02-01",NA,432287.7468
"160","2018-02-02",NA,433377.1298
"161","2018-02-03",NA,432971.1485
"162","2018-02-04",NA,433228.27
"163","2018-02-05",NA,434060.5316
"164","2018-02-06",NA,433877.84
"165","2018-02-07",NA,433877.84
"166","2018-02-08",NA,433877.84
"167","2018-02-09",NA,433877.84
"168","2018-02-10",NA,433566.5877
"169","2018-02-11",NA,433553.055
"170","2018-02-12",NA,433789.8774
"171","2018-02-13",NA,433695.1484
"172","2018-02-14",NA,431929.13
"173","2018-02-15",NA,431929.13
"174","2018-02-16",NA,431902.0646
"175","2018-02-17",NA,431563.7469
"176","2018-02-18",NA,431279.56
"177","2018-02-19",NA,431279.56
"178","2018-02-20",NA,431279.56
"179","2018-02-21",NA,431076.5694
"180","2018-02-22",NA,430629.99
"181","2018-02-23",NA,430629.99
"182","2018-02-24",NA,430629.99
"183","2018-02-25",NA,430264.6069
"184","2018-02-26",NA,429980.42
"185","2018-02-27",NA,429980.42
"186","2018-02-28",NA,430149.5789
"187","2018-03-01",NA,431942.6627
"188","2018-03-02",NA,431611.1114
"189","2018-03-03",NA,431347.2235
"190","2018-03-04",NA,430941.2423
"191","2018-03-05",NA,430440.5321
"192","2018-03-06",NA,430305.205
"193","2018-03-07",NA,430257.8405
"194","2018-03-08",NA,429702.9995
"195","2018-03-09",NA,429412.0463
"196","2018-03-10",NA,429006.065
"197","2018-03-11",NA,429006.065
"198","2018-03-12",NA,428505.3548
"199","2018-03-13",NA,426874.6634
"200","2018-03-14",NA,426536.3457
"201","2018-03-15",NA,426150.6635
"202","2018-03-16",NA,425771.7477
"203","2018-03-17",NA,425582.2898
"204","2018-03-18",NA,425433.43
"205","2018-03-19",NA,425920.6075
"206","2018-03-20",NA,426962.626
"207","2018-03-21",NA,426658.1401
"208","2018-03-22",NA,426157.4299
"209","2018-03-23",NA,425710.8505
"210","2018-03-24",NA,425433.43
"211","2018-03-25",NA,425122.1777
"212","2018-03-26",NA,425081.5796
"213","2018-03-27",NA,424783.86
"214","2018-03-28",NA,424919.1871
"215","2018-03-29",NA,426407.785
"216","2018-03-30",NA,426407.785
"217","2018-03-31",NA,426367.1869
"218","2018-04-01",NA,425785.2804
"219","2018-04-02",NA,425758.215
"220","2018-04-03",NA,425690.5515
"221","2018-04-04",NA,425203.374
"222","2018-04-05",NA,425095.1123
"223","2018-04-06",NA,424655.2993
"224","2018-04-07",NA,424506.4395
"225","2018-04-08",NA,425095.1123
"226","2018-04-09",NA,425284.5702
"227","2018-04-10",NA,434365.0175
"228","2018-04-11",NA,435806.2509
"229","2018-04-12",NA,NA
"230","2018-04-13",NA,NA
"231","2018-04-14",NA,NA
"232","2018-04-15",NA,NA
"233","2018-04-16",NA,NA
"234","2018-04-17",NA,NA
"235","2018-04-18",NA,NA
"236","2018-04-19",NA,NA
"237","2018-04-20",NA,NA
"238","2018-04-21",NA,NA
"239","2018-04-22",NA,NA
"240","2018-04-23",NA,NA
"241","2018-04-24",NA,NA
"242","2018-04-25",NA,NA
"243","2018-04-26",NA,NA
"244","2018-04-27",NA,NA
"245","2018-04-28",NA,NA
"246","2018-04-29",NA,NA
"247","2018-04-30",NA,NA
"248","2018-05-01",NA,NA
"249","2018-05-02",NA,NA
"250","2018-05-03",NA,NA
"251","2018-05-04",NA,NA
"252","2018-05-05",NA,NA
"253","2018-05-06",NA,NA
"254","2018-05-07",NA,NA
"255","2018-05-08",NA,NA
"256","2018-05-09",NA,NA
"257","2018-05-10",NA,434006.4007
"258","2018-05-11",NA,433877.84
"259","2018-05-12",NA,433641.0176
"260","2018-05-13",NA,433228.27
"261","2018-05-14",NA,433641.0176
"262","2018-05-15",NA,435285.2417
"263","2018-05-16",NA,NA
"264","2018-05-17",NA,NA
"265","2018-05-18",NA,NA
"266","2018-05-19",NA,NA
"267","2018-05-20",NA,NA
"268","2018-05-21",NA,NA
"269","2018-05-22",NA,NA
"270","2018-05-23",NA,NA
"271","2018-05-24",NA,NA
"272","2018-05-25",NA,NA
"273","2018-05-26",NA,NA
"274","2018-05-27",NA,NA
"275","2018-05-28",NA,NA
"276","2018-05-29",NA,NA
"277","2018-05-30",NA,NA
"278","2018-05-31",NA,NA
"279","2018-06-01",NA,NA
"280","2018-06-02",NA,NA
"281","2018-06-03",NA,NA
"282","2018-06-04",NA,NA
"283","2018-06-05",NA,NA
"284","2018-06-06",NA,NA
"285","2018-06-07",NA,NA
"286","2018-06-08",NA,NA
"287","2018-06-09",NA,NA
"288","2018-06-10",NA,NA
"289","2018-06-11",NA,NA
"290","2018-06-12",NA,NA
"291","2018-06-13",NA,NA
"292","2018-06-14",NA,NA
"293","2018-06-15",NA,NA
"294","2018-06-16",NA,NA
"295","2018-06-17",NA,NA
"296","2018-06-18",NA,NA
"297","2018-06-19",NA,NA
"298","2018-06-20",NA,NA
"299","2018-06-21",NA,NA
"300","2018-06-22",NA,NA
"301","2018-06-23",NA,NA
"302","2018-06-24",NA,NA
"303","2018-06-25",NA,NA
"304","2018-06-26",NA,NA
"305","2018-06-27",NA,NA
"306","2018-06-28",NA,NA
"307","2018-06-29",NA,NA
"308","2018-06-30",NA,NA
"309","2018-07-01",NA,NA
"310","2018-07-02",NA,NA
"311","2018-07-03",NA,NA
"312","2018-07-04",NA,NA
"313","2018-07-05",NA,NA
"314","2018-07-06",NA,NA
"315","2018-07-07",NA,NA
"316","2018-07-08",NA,NA
"317","2018-07-09",NA,NA
"318","2018-07-10",NA,NA
"319","2018-07-11",NA,NA
"320","2018-07-12",NA,NA
"321","2018-07-13",NA,NA
"322","2018-07-14",NA,NA
"323","2018-07-15",NA,NA
"324","2018-07-16",NA,NA
"325","2018-07-17",NA,NA
"326","2018-07-18",NA,NA
"327","2018-07-19",NA,NA
"328","2018-07-20",NA,NA
"329","2018-07-21",NA,NA
"330","2018-07-22",NA,NA
"331","2018-07-23",NA,NA
"332","2018-07-24",NA,NA
"333","2018-07-25",NA,NA
"334","2018-07-26",NA,NA
"335","2018-07-27",NA,NA
"336","2018-07-28",NA,NA
"337","2018-07-29",NA,NA
"338","2018-07-30",NA,NA
"339","2018-07-31",NA,NA
"340","2018-08-01",NA,NA
"341","2018-08-02",NA,NA
"342","2018-08-03",NA,NA
"343","2018-08-04",NA,NA
"344","2018-08-05",NA,NA
"345","2018-08-06",NA,NA
"346","2018-08-07",NA,NA
"347","2018-08-08",NA,NA
"348","2018-08-09",NA,NA
"349","2018-08-10",NA,NA
"350","2018-08-11",NA,NA
"351","2018-08-12",NA,NA
"352","2018-08-13",NA,NA
"353","2018-08-14",NA,NA
"354","2018-08-15",NA,NA
"355","2018-08-16",NA,NA
"356","2018-08-17",NA,NA
"357","2018-08-18",NA,NA
"358","2018-08-19",NA,NA
"359","2018-08-20",NA,NA
"360","2018-08-21",NA,NA
"361","2018-08-22",NA,NA
"362","2018-08-23",NA,NA
"363","2018-08-24",NA,NA
"364","2018-08-25",NA,NA
"365","2018-08-26",NA,NA
"366","2018-08-27",NA,NA
"367","2018-08-28",NA,NA
"368","2018-08-29",NA,NA
"369","2018-08-30",NA,NA
"370","2018-08-31",NA,NA
"371","2018-09-01",NA,NA
"372","2018-09-02",NA,NA
"373","2018-09-03",NA,NA
"374","2018-09-04",NA,NA
"375","2018-09-05",NA,NA
"376","2018-09-06",NA,NA
"377","2018-09-07",NA,NA
"378","2018-09-08",NA,NA
"379","2018-09-09",NA,NA
"380","2018-09-10",NA,NA
"381","2018-09-11",NA,NA
"382","2018-09-12",NA,NA
"383","2018-09-13",NA,NA
"384","2018-09-14",NA,NA
"385","2018-09-15",NA,NA
"386","2018-09-16",NA,NA
"387","2018-09-17",NA,NA
"388","2018-09-18",NA,NA
"389","2018-09-19",NA,NA
"390","2018-09-20",NA,NA
"391","2018-09-21",NA,NA
"392","2018-09-22",NA,NA
"393","2018-09-23",NA,NA
"394","2018-09-24",NA,NA
"395","2018-09-25",NA,NA
"396","2018-09-26",NA,NA
"397","2018-09-27",NA,NA
"398","2018-09-28",NA,NA
"399","2018-09-29",NA,NA
"400","2018-09-30",NA,NA
"401","2018-10-01",NA,NA
"402","2018-10-02",NA,NA
"403","2018-10-03",NA,NA
"404","2018-10-04",NA,NA
"405","2018-10-05",NA,NA
"406","2018-10-06",NA,NA
"407","2018-10-07",NA,NA
"408","2018-10-08",NA,NA
"409","2018-10-09",NA,NA
"410","2018-10-10",NA,NA
"411","2018-10-11",NA,NA
"412","2018-10-12",NA,NA
"413","2018-10-13",NA,NA
"414","2018-10-14",NA,NA
"415","2018-10-15",NA,NA
"416","2018-10-16",NA,NA
"417","2018-10-17",NA,NA
"418","2018-10-18",NA,NA
"419","2018-10-19",NA,NA
"420","2018-10-20",NA,NA
"421","2018-10-21",NA,NA
"422","2018-10-22",NA,NA
"423","2018-10-23",NA,NA
"424","2018-10-24",NA,NA
"425","2018-10-25",NA,NA
"426","2018-10-26",NA,NA
"427","2018-10-27",NA,NA
"428","2018-10-28",NA,NA
"429","2018-10-29",NA,NA
"430","2018-10-30",NA,NA
"431","2018-10-31",NA,NA
"432","2018-11-01",NA,NA
"433","2018-11-02",NA,NA
"434","2018-11-03",NA,NA
"435","2018-11-04",NA,NA
"436","2018-11-05",NA,NA
"437","2018-11-06",NA,NA
"438","2018-11-07",NA,NA
"439","2018-11-08",NA,NA
"440","2018-11-09",NA,NA
"441","2018-11-10",NA,NA
"442","2018-11-11",NA,NA
"443","2018-11-12",NA,NA
"444","2018-11-13",NA,NA
"445","2018-11-14",NA,NA
"446","2018-11-15",NA,NA
"447","2018-11-16",NA,NA
"448","2018-11-17",NA,NA
"449","2018-11-18",NA,NA
"450","2018-11-19",NA,NA
"451","2018-11-20",NA,NA
"452","2018-11-21",NA,NA
"453","2018-11-22",NA,NA
"454","2018-11-23",NA,NA
"455","2018-11-24",NA,NA
"456","2018-11-25",NA,NA
"457","2018-11-26",NA,NA
"458","2018-11-27",NA,NA
"459","2018-11-28",NA,NA
"460","2018-11-29",NA,NA
"461","2018-11-30",NA,NA
"462","2018-12-01",NA,NA
"463","2018-12-02",NA,NA
"464","2018-12-03",NA,NA
"465","2018-12-04",NA,NA
"466","2018-12-05",NA,NA
"467","2018-12-06",NA,NA
"468","2018-12-07",NA,NA
"469","2018-12-08",NA,NA
"470","2018-12-09",NA,NA
"471","2018-12-10",NA,NA
"472","2018-12-11",NA,NA
"473","2018-12-12",NA,NA
"474","2018-12-13",NA,NA
"475","2018-12-14",NA,NA
"476","2018-12-15",NA,NA
"477","2018-12-16",NA,NA
"478","2018-12-17",NA,NA
"479","2018-12-18",NA,NA
"480","2018-12-19",NA,NA
"481","2018-12-20",NA,NA
"482","2018-12-21",NA,NA
"483","2018-12-22",NA,NA
"484","2018-12-23",NA,NA
"485","2018-12-24",NA,NA
"486","2018-12-25",NA,NA
"487","2018-12-26",NA,NA
"488","2018-12-27",NA,NA
"489","2018-12-28",NA,NA
"490","2018-12-29",NA,NA
"491","2018-12-30",NA,NA
"492","2018-12-31",NA,NA
"493","2019-01-01",NA,NA
"494","2019-01-02",NA,NA
"495","2019-01-03",NA,NA
"496","2019-01-04",NA,NA
"497","2019-01-05",NA,NA
"498","2019-01-06",NA,NA
"499","2019-01-07",NA,NA
"500","2019-01-08",NA,NA
"501","2019-01-09",NA,NA
"502","2019-01-10",NA,NA
"503","2019-01-11",NA,NA
"504","2019-01-12",NA,NA
"505","2019-01-13",NA,NA
"506","2019-01-14",NA,NA
"507","2019-01-15",NA,NA
"508","2019-01-16",NA,NA
"509","2019-01-17",NA,NA
"510","2019-01-18",NA,473799.3296
"511","2019-01-19",NA,473176.825
"512","2019-01-20",NA,474245.909
"513","2019-01-21",NA,477622.3197
"514","2019-01-22",NA,475984.862
"515","2019-01-23",NA,473305.3857
"516","2019-01-24",NA,472236.3018
"517","2019-01-25",NA,476323.1797
"518","2019-01-26",NA,476729.1609
"519","2019-01-27",NA,476255.5161
"520","2019-01-28",NA,478745.5345
"521","2019-01-29",NA,477588.4879
"522","2019-01-30",NA,477818.544
"523","2019-01-31",NA,463697.1628
"524","2019-02-01",NA,NA
"525","2019-02-02",NA,NA
"526","2019-02-03",NA,NA
"527","2019-02-04",NA,NA
"528","2019-02-05",NA,NA
"529","2019-02-06",NA,461789.0509
"530","2019-02-07",NA,NA
"531","2019-02-08",NA,NA
"532","2019-02-09",NA,479631.9269
"533","2019-02-10",NA,NA
"534","2019-02-11",NA,476181.0863
"535","2019-02-12",NA,NA
"536","2019-02-13",NA,474482.7314
"537","2019-02-14",NA,469428.2648
"538","2019-02-15",NA,467303.6296
"539","2019-02-16",NA,NA
"540","2019-02-17",NA,NA
"541","2019-02-18",NA,NA
"542","2019-02-19",NA,489307.8133
"543","2019-02-20",NA,NA
"544","2019-02-21",NA,NA
"545","2019-02-22",NA,NA
"546","2019-02-23",NA,NA
"547","2019-02-24",NA,NA
"548","2019-02-25",NA,NA
"549","2019-02-26",NA,NA
"550","2019-02-27",NA,NA
"551","2019-02-28",NA,NA
"552","2019-03-01",NA,NA
"553","2019-03-02",NA,NA
"554","2019-03-03",NA,NA
"555","2019-03-04",NA,NA
"556","2019-03-05",NA,NA
"557","2019-03-06",NA,NA
"558","2019-03-07",NA,NA
"559","2019-03-08",NA,NA
"560","2019-03-09",NA,NA
"561","2019-03-10",NA,NA
"562","2019-03-11",NA,NA
"563","2019-03-12",NA,NA
"564","2019-03-13",NA,NA
"565","2019-03-14",NA,NA
"566","2019-03-15",NA,NA
"567","2019-03-16",NA,NA
"568","2019-03-17",NA,NA
"569","2019-03-18",NA,NA
"570","2019-03-19",NA,NA
"571","2019-03-20",NA,NA
"572","2019-03-21",NA,NA
"573","2019-03-22",NA,NA
"574","2019-03-23",NA,NA
"575","2019-03-24",NA,NA
"576","2019-03-25",NA,NA
"577","2019-03-26",NA,NA
"578","2019-03-27",NA,NA
"579","2019-03-28",NA,NA
"580","2019-03-29",NA,470084.6011
"581","2019-03-30",NA,469604.19
"582","2019-03-31",NA,468981.6854
"583","2019-04-01",NA,NA
"584","2019-04-02",NA,NA
"585","2019-04-03",NA,NA
"586","2019-04-04",NA,NA
"587","2019-04-05",NA,NA
"588","2019-04-06",NA,473542.2081
"589","2019-04-07",NA,473393.3483
"590","2019-04-08",NA,NA
"591","2019-04-09",NA,NA
"592","2019-04-10",NA,NA
"593","2019-04-11",NA,NA
"594","2019-04-12",NA,NA
"595","2019-04-13",NA,NA
"596","2019-04-14",NA,NA
"597","2019-04-15",NA,NA
"598","2019-04-16",NA,NA
"599","2019-04-17",NA,NA
"600","2019-04-18",NA,NA
"601","2019-04-19",NA,NA
"602","2019-04-20",NA,NA
"603","2019-04-21",NA,NA
"604","2019-04-22",NA,NA
"605","2019-04-23",NA,NA
"606","2019-04-24",NA,NA
"607","2019-04-25",NA,NA
"608","2019-04-26",NA,NA
"609","2019-04-27",NA,NA
"610","2019-04-28",NA,NA
"611","2019-04-29",NA,NA
"612","2019-04-30",NA,NA
"613","2019-05-01",NA,NA
"614","2019-05-02",NA,NA
"615","2019-05-03",NA,NA
"616","2019-05-04",NA,NA
"617","2019-05-05",NA,NA
"618","2019-05-06",NA,NA
"619","2019-05-07",NA,NA
"620","2019-05-08",NA,NA
"621","2019-05-09",NA,NA
"622","2019-05-10",NA,NA
"623","2019-05-11",NA,NA
"624","2019-05-12",NA,NA
"625","2019-05-13",NA,NA
"626","2019-05-14",NA,NA
"627","2019-05-15",NA,NA
"628","2019-05-16",NA,NA
"629","2019-05-17",NA,NA
"630","2019-05-18",NA,NA
"631","2019-05-19",NA,NA
"632","2019-05-20",NA,NA
"633","2019-05-21",NA,NA
"634","2019-05-22",NA,NA
"635","2019-05-23",NA,NA
"636","2019-05-24",NA,NA
"637","2019-05-25",NA,NA
"638","2019-05-26",NA,NA
"639","2019-05-27",NA,NA
"640","2019-05-28",NA,NA
"641","2019-05-29",NA,NA
"642","2019-05-30",NA,NA
"643","2019-05-31",NA,NA
"644","2019-06-01",NA,NA
"645","2019-06-02",NA,NA
"646","2019-06-03",NA,NA
"647","2019-06-04",NA,NA
"648","2019-06-05",NA,NA
"649","2019-06-06",NA,NA
"650","2019-06-07",NA,NA
"651","2019-06-08",NA,NA
"652","2019-06-09",NA,NA
"653","2019-06-10",NA,NA
"654","2019-06-11",NA,NA
"655","2019-06-12",NA,NA
"656","2019-06-13",NA,NA
"657","2019-06-14",NA,NA
"658","2019-06-15",NA,NA
"659","2019-06-16",NA,NA
"660","2019-06-17",NA,NA
"661","2019-06-18",NA,NA
"662","2019-06-19",NA,NA
"663","2019-06-20",NA,NA
"664","2019-06-21",NA,NA
"665","2019-06-22",NA,NA
"666","2019-06-23",NA,NA
"667","2019-06-24",NA,NA
"668","2019-06-25",NA,NA
"669","2019-06-26",NA,NA
"670","2019-06-27",NA,NA
"671","2019-06-28",NA,NA
"672","2019-06-29",NA,NA
"673","2019-06-30",NA,NA
"674","2019-07-01",NA,NA
"675","2019-07-02",NA,NA
"676","2019-07-03",NA,NA
"677","2019-07-04",NA,NA
"678","2019-07-05",NA,NA
"679","2019-07-06",NA,NA
"680","2019-07-07",NA,NA
"681","2019-07-08",NA,NA
"682","2019-07-09",NA,NA
"683","2019-07-10",NA,NA
"684","2019-07-11",NA,NA
"685","2019-07-12",NA,NA
"686","2019-07-13",NA,NA
"687","2019-07-14",NA,NA
"688","2019-07-15",NA,NA
"689","2019-07-16",NA,NA
"690","2019-07-17",NA,NA
"691","2019-07-18",NA,469908.6759
"692","2019-07-19",NA,469583.8909
"693","2019-07-20",NA,469096.7134
"694","2019-07-21",NA,468711.0313
"695","2019-07-22",NA,468406.5453
"696","2019-07-23",NA,468007.3304
"697","2019-07-24",NA,467750.209
"698","2019-07-25",NA,468426.8444
"699","2019-07-26",NA,468223.8538
"700","2019-07-27",NA,468007.3304
"701","2019-07-28",NA,467655.48
"702","2019-07-29",NA,467080.3399
"703","2019-07-30",NA,466748.7885
"704","2019-07-31",NA,466322.5082
"705","2019-08-01",NA,465706.77
"706","2019-08-02",NA,465706.77
"707","2019-08-03",NA,465273.7233
"708","2019-08-04",NA,464928.6393
"709","2019-08-05",NA,464407.63
"710","2019-08-06",NA,464204.6394
"711","2019-08-07",NA,464488.8263
"712","2019-08-08",NA,464685.0505
"713","2019-08-09",NA,464279.0693
"714","2019-08-10",NA,463758.06
"715","2019-08-11",NA,463182.9199
"716","2019-08-12",NA,463108.49
"717","2019-08-13",NA,462959.6302
"718","2019-08-14",NA,462458.92
"719","2019-08-15",NA,NA
"720","2019-08-16",NA,462370.9574
"721","2019-08-17",NA,463318.247
"722","2019-08-18",NA,463758.06
"723","2019-08-19",NA,463758.06
"724","2019-08-20",NA,463758.06
"725","2019-08-21",NA,463453.5741
"726","2019-08-22",NA,463297.9479
"727","2019-08-23",NA,463108.49
"728","2019-08-24",NA,462485.9854
"729","2019-08-25",NA,462255.9294
"730","2019-08-26",NA,462438.6209
"731","2019-08-27",NA,462513.0508
"732","2019-08-28",NA,462350.6583
"733","2019-08-29",NA,461809.35
"734","2019-08-30",NA,461599.593
"735","2019-08-31",NA,462939.3311
"736","2019-09-01",NA,462540.1163
"737","2019-09-02",NA,462783.705
"738","2019-09-03",NA,462655.1443
"739","2019-09-04",NA,463243.8171
"740","2019-09-05",NA,463609.2002
"741","2019-09-06",NA,463108.49
"742","2019-09-07",NA,462628.0789
"743","2019-09-08",NA,462323.5929
"744","2019-09-09",NA,461809.35
"745","2019-09-10",NA,461281.5744
"746","2019-09-11",NA,460936.4903
"747","2019-09-12",NA,460462.8455
"748","2019-09-13",NA,459860.64
"749","2019-09-14",NA,459434.3597
"750","2019-09-15",NA,459190.7709
"751","2019-09-16",NA,458561.5
"752","2019-09-17",NA,458311.1449
"753","2019-09-18",NA,457830.7338
"754","2019-09-19",NA,457262.36
"755","2019-09-20",NA,456734.5844
"756","2019-09-21",NA,456396.2667
"757","2019-09-22",NA,455854.9583
"758","2019-09-23",NA,455313.65
"759","2019-09-24",NA,454806.1734
"760","2019-09-25",NA,454535.5193
"761","2019-09-26",NA,454014.51
"762","2019-09-27",NA,453710.0241
"763","2019-09-28",NA,453364.94
"764","2019-09-29",NA,452755.9681
"765","2019-09-30",NA,452586.8093
"766","2019-10-01",NA,452065.8
"767","2019-10-02",NA,451680.1178
"768","2019-10-03",NA,451362.0992
"769","2019-10-04",NA,450766.66
"770","2019-10-05",NA,450529.8376
"771","2019-10-06",NA,450117.09
"772","2019-10-07",NA,NA
"773","2019-10-08",NA,NA
"774","2019-10-09",NA,NA
"775","2019-10-10",NA,NA
"776","2019-10-11",NA,NA
"777","2019-10-12",NA,NA
"778","2019-10-13",NA,NA
"779","2019-10-14",NA,NA
"780","2019-10-15",NA,NA
"781","2019-10-16",NA,NA
"782","2019-10-17",NA,NA
"783","2019-10-18",NA,NA
"784","2019-10-19",NA,NA
"785","2019-10-20",NA,NA
"786","2019-10-21",NA,NA
"787","2019-10-22",NA,NA
"788","2019-10-23",NA,447620.3053
"789","2019-10-24",NA,447045.1652
"790","2019-10-25",NA,446862.4736
"791","2019-10-26",NA,446307.6326
"792","2019-10-27",NA,446551.2214
"793","2019-10-28",NA,446219.67
"794","2019-10-29",NA,446219.67
"795","2019-10-30",NA,445698.6607
"796","2019-10-31",NA,445570.1
"797","2019-11-01",NA,445123.5206
"798","2019-11-02",NA,444487.4833
"799","2019-11-03",NA,444040.904
"800","2019-11-04",NA,443621.39
"801","2019-11-05",NA,443276.3059
"802","2019-11-06",NA,442971.82
"803","2019-11-07",NA,442924.4555
"804","2019-11-08",NA,442322.25
"805","2019-11-09",NA,442518.4743
"806","2019-11-10",NA,442261.3528
"807","2019-11-11",NA,441672.68
"808","2019-11-12",NA,441665.9136
"809","2019-11-13",NA,441063.7081
"810","2019-11-14",NA,440414.1381
"811","2019-11-15",NA,441449.3903
"812","2019-11-16",NA,442322.25
"813","2019-11-17",NA,441895.9697
"814","2019-11-18",NA,441672.68
"815","2019-11-19",NA,441286.9978
"816","2019-11-20",NA,NA
"817","2019-11-21",NA,NA
"818","2019-11-22",NA,440691.5586
"819","2019-11-23",NA,440299.1101
"820","2019-11-24",NA,440583.297
"821","2019-11-25",NA,440508.8671
"822","2019-11-26",NA,440102.8858
"823","2019-11-27",NA,439778.1008
"824","2019-11-28",NA,439595.4093
"825","2019-11-29",NA,439216.4934
"826","2019-11-30",NA,438986.4374
"827","2019-12-01",NA,438742.8486
"828","2019-12-02",NA,438404.5309
"829","2019-12-03",NA,437903.8207
"830","2019-12-04",NA,NA
"831","2019-12-05",NA,436800.905
"832","2019-12-06",NA,436246.064
"833","2019-12-07",NA,436151.335
"834","2019-12-08",NA,435697.9893
"835","2019-12-09",NA,435501.765
"836","2019-12-10",NA,435501.765
"837","2019-12-11",NA,435136.3819
"838","2019-12-12",NA,434852.195
"839","2019-12-13",NA,434852.195
"840","2019-12-14",NA,436016.0079
"841","2019-12-15",NA,436604.6807
"842","2019-12-16",NA,436151.335
"843","2019-12-17",NA,436151.335
"844","2019-12-18",NA,435948.3444
"845","2019-12-19",NA,435434.1015
"846","2019-12-20",NA,434879.2604
"847","2019-12-21",NA,434852.195
"848","2019-12-22",NA,435298.7744
"849","2019-12-23",NA,439899.8952
"850","2019-12-24",NA,441347.895
"851","2019-12-25",NA,441347.895
"852","2019-12-26",NA,441347.895
"853","2019-12-27",NA,441232.867
"854","2019-12-28",NA,441023.11
"855","2019-12-29",NA,441151.6707
"856","2019-12-30",NA,441347.895
"857","2019-12-31",NA,NA
"858","2020-01-01",NA,440678.0259
"859","2020-01-02",NA,440265.2783
"860","2020-01-03",NA,440048.755
"861","2020-01-04",NA,440549.4652
"862","2020-01-05",NA,440867.4839
"863","2020-01-06",NA,440508.8671
"864","2020-01-07",NA,440048.755
"865","2020-01-08",NA,439791.6335
"866","2020-01-09",NA,439399.185
"867","2020-01-10",NA,439101.4654
"868","2020-01-11",NA,438776.6804
"869","2020-01-12",NA,438749.615
"870","2020-01-13",NA,438654.886
"871","2020-01-14",NA,438248.9048
"872","2020-01-15",NA,438100.045
"873","2020-01-16",NA,437944.4189
"874","2020-01-17",NA,437497.8395
"875","2020-01-18",NA,437193.3535
"876","2020-01-19",NA,436800.905
"877","2020-01-20",NA,436712.9424
"878","2020-01-21",NA,436164.8677
"879","2020-01-22",NA,435603.2603
"880","2020-01-23",NA,435143.1482
"881","2020-01-24",NA,434852.195
"882","2020-01-25",NA,434798.0642
"883","2020-01-26",NA,434344.7184
"884","2020-01-27",NA,434202.625
"885","2020-01-28",NA,433904.9054
"886","2020-01-29",NA,433553.055
"887","2020-01-30",NA,NA
"888","2020-01-31",NA,433241.8027
"889","2020-02-01",NA,432903.485
"890","2020-02-02",NA,432761.3916
"891","2020-02-03",NA,432253.915
"892","2020-02-04",NA,432145.6533
"893","2020-02-05",NA,431604.345
"894","2020-02-06",NA,431604.345
"895","2020-02-07",NA,432240.3823
"896","2020-02-08",NA,431908.8309
"897","2020-02-09",NA,431577.2796
"898","2020-02-10",NA,431035.9713
"899","2020-02-11",NA,430954.775
"900","2020-02-12",NA,430738.2517
"901","2020-02-13",NA,430305.205
"902","2020-02-14",NA,430237.5415
"903","2020-02-15",NA,429689.4668
"904","2020-02-16",NA,429452.6444
"905","2020-02-17",NA,429114.3267
"906","2020-02-18",NA,429006.065
"907","2020-02-19",NA,428728.6445
"908","2020-02-20",NA,428356.495
"909","2020-02-21",NA,428261.766
"910","2020-02-22",NA,427646.0278
"911","2020-02-23",NA,427131.7849
"912","2020-02-24",NA,426996.4578
"913","2020-02-25",NA,426712.2709
"914","2020-02-26",NA,427165.6167
"915","2020-02-27",NA,427828.7194
"916","2020-02-28",NA,427382.14
"917","2020-02-29",NA,426922.0279
"918","2020-03-01",NA,426407.785
"919","2020-03-02",NA,425974.7383
"920","2020-03-03",NA,425758.215
"921","2020-03-04",NA,425433.43
"922","2020-03-05",NA,425108.645
"923","2020-03-06",NA,425047.7478
"924","2020-03-07",NA,424404.9442
"925","2020-03-08",NA,423829.8041
"926","2020-03-09",NA,423437.3555
"927","2020-03-10",NA,423159.935
"928","2020-03-11",NA,422896.0472
"929","2020-03-12",NA,422510.365
"930","2020-03-13",NA,422287.0753
"931","2020-03-14",NA,421860.795
"932","2020-03-15",NA,421556.3091
"933","2020-03-16",NA,421211.225
"934","2020-03-17",NA,420724.0475
"935","2020-03-18",NA,420548.1223
"936","2020-03-19",NA,419939.1504
"937","2020-03-20",NA,419776.7579
"938","2020-03-21",NA,419262.515
"939","2020-03-22",NA,418897.1319
"940","2020-03-23",NA,418612.945
"941","2020-03-24",NA,418119.0011
"942","2020-03-25",NA,417895.7115
"943","2020-03-26",NA,417313.805
"944","2020-03-27",NA,417009.3191
"945","2020-03-28",NA,416637.1696
"946","2020-03-29",NA,416014.665
"947","2020-03-30",NA,415737.2445
"948","2020-03-31",NA,415365.095
"949","2020-04-01",NA,415953.7678
"950","2020-04-02",NA,415365.095
"951","2020-04-03",NA,414803.4876
"952","2020-04-04",NA,414424.5718
"953","2020-04-05",NA,414282.4783
"954","2020-04-06",NA,414201.2821
"955","2020-04-07",NA,413917.0952
"956","2020-04-08",NA,413416.385
"957","2020-04-09",NA,413152.4972
"958","2020-04-10",NA,412665.3197
"959","2020-04-11",NA,412117.245
"960","2020-04-12",NA,411474.4414
"961","2020-04-13",NA,411440.6096
"962","2020-04-14",NA,413118.6654
"963","2020-04-15",NA,416312.3846
"964","2020-04-16",NA,417963.375
"965","2020-04-17",NA,417476.1975
"966","2020-04-18",NA,417313.805
"967","2020-04-19",NA,417252.9078
"968","2020-04-20",NA,416698.0668
"969","2020-04-21",NA,416542.4406
"970","2020-04-22",NA,415960.5342
"971","2020-04-23",NA,415365.095
"972","2020-04-24",NA,415202.7025
"973","2020-04-25",NA,415283.8988
"974","2020-04-26",NA,414715.525
"975","2020-04-27",NA,414147.1513
"976","2020-04-28",NA,413429.9177
"977","2020-04-29",NA,412875.0767
"978","2020-04-30",NA,413159.2635
"979","2020-05-01",NA,412699.1515
"980","2020-05-02",NA,412110.4786
"981","2020-05-03",NA,411474.4414
"982","2020-05-04",NA,411095.5255
"983","2020-05-05",NA,410696.3106
"984","2020-05-06",NA,410155.0023
"985","2020-05-07",NA,409437.7688
"986","2020-05-08",NA,408781.4324
"987","2020-05-09",NA,408185.9932
"988","2020-05-10",NA,407752.9466
"989","2020-05-11",NA,407570.255
"990","2020-05-12",NA,407062.7784
"991","2020-05-13",NA,406487.6383
"992","2020-05-14",NA,406081.6571
"993","2020-05-15",NA,405574.1805
"994","2020-05-16",NA,404971.975
"995","2020-05-17",NA,404823.1152
"996","2020-05-18",NA,404322.405
"997","2020-05-19",NA,403808.1621
"998","2020-05-20",NA,403402.1808
"999","2020-05-21",NA,402901.4706
"1000","2020-05-22",NA,402366.9286
"1001","2020-05-23",NA,401771.4895
"1002","2020-05-24",NA,401480.5363
"1003","2020-05-25",NA,401203.1157
"1004","2020-05-26",NA,401724.125
"1005","2020-05-27",NA,401412.8727
"1006","2020-05-28",NA,401473.7699
"1007","2020-05-29",NA,401988.0128
"1008","2020-05-30",NA,404917.8442
"1009","2020-05-31",NA,404938.1432
"1010","2020-06-01",NA,404944.9096
"1011","2020-06-02",NA,404356.2368
"1012","2020-06-03",NA,403747.2649
"1013","2020-06-04",NA,405323.8254
"1014","2020-06-05",NA,407570.255
"1015","2020-06-06",NA,407658.2176
"1016","2020-06-07",NA,411819.5254
"1017","2020-06-08",NA,413416.385
"1018","2020-06-09",NA,413416.385
"1019","2020-06-10",NA,413504.3476
"1020","2020-06-11",NA,414072.7214
"1021","2020-06-12",NA,414059.1886
"1022","2020-06-13",NA,414566.6652
"1023","2020-06-14",NA,414654.6278
"1024","2020-06-15",NA,414079.4877
"1025","2020-06-16",NA,413605.8429
"1026","2020-06-17",NA,413274.2916
"1027","2020-06-18",NA,413416.385
"1028","2020-06-19",NA,413064.5346
"1029","2020-06-20",NA,412956.2729
"1030","2020-06-21",NA,412732.9832
"1031","2020-06-22",NA,412198.4412
"1032","2020-06-23",NA,412293.1702
"1033","2020-06-24",NA,413612.6093
"1034","2020-06-25",NA,413321.656
"1035","2020-06-26",NA,412529.9926
"1036","2020-06-27",NA,411826.2918
"1037","2020-06-28",NA,412117.245
"1038","2020-06-29",NA,411697.731
"1039","2020-06-30",NA,411400.0115
"1040","2020-07-01",NA,410858.7031
"1041","2020-07-02",NA,410642.1798
"1042","2020-07-03",NA,410628.6471
"1043","2020-07-04",NA,NA
"1044","2020-07-05",NA,NA
"1045","2020-07-06",NA,NA
"1046","2020-07-07",NA,NA
"1047","2020-07-08",NA,NA
"1048","2020-07-09",NA,NA
"1049","2020-07-10",NA,NA
"1050","2020-07-11",NA,NA
"1051","2020-07-12",NA,NA
"1052","2020-07-13",NA,NA
"1053","2020-07-14",NA,NA
"1054","2020-07-15",NA,NA
"1055","2020-07-16",NA,NA
"1056","2020-07-17",NA,NA
"1057","2020-07-18",NA,NA
"1058","2020-07-19",NA,NA
"1059","2020-07-20",NA,NA
"1060","2020-07-21",NA,NA
"1061","2020-07-22",NA,NA
"1062","2020-07-23",NA,NA
"1063","2020-07-24",NA,NA
"1064","2020-07-25",NA,NA
"1065","2020-07-26",NA,NA
"1066","2020-07-27",NA,NA
"1067","2020-07-28",NA,NA
"1068","2020-07-29",NA,NA
"1069","2020-07-30",NA,NA
"1070","2020-07-31",NA,NA
"1071","2020-08-01",NA,NA
"1072","2020-08-02",NA,NA
"1073","2020-08-03",NA,NA
"1074","2020-08-04",NA,NA
"1075","2020-08-05",NA,NA
"1076","2020-08-06",NA,NA
"1077","2020-08-07",NA,NA
"1078","2020-08-08",NA,NA
"1079","2020-08-09",NA,NA
"1080","2020-08-10",NA,NA
"1081","2020-08-11",NA,NA
"1082","2020-08-12",NA,NA
"1083","2020-08-13",NA,NA
"1084","2020-08-14",NA,NA
"1085","2020-08-15",NA,NA
"1086","2020-08-16",NA,NA
"1087","2020-08-17",NA,NA
"1088","2020-08-18",NA,NA
"1089","2020-08-19",NA,NA
"1090","2020-08-20",NA,NA
"1091","2020-08-21",NA,NA
"1092","2020-08-22",NA,NA
"1093","2020-08-23",NA,NA
"1094","2020-08-24",NA,NA
"1095","2020-08-25",NA,NA
"1096","2020-08-26",NA,NA
"1097","2020-08-27",NA,NA
"1098","2020-08-28",NA,NA
"1099","2020-08-29",NA,NA
"1100","2020-08-30",NA,NA
"1101","2020-08-31",NA,NA
"1102","2020-09-01",NA,NA
"1103","2020-09-02",NA,NA
"1104","2020-09-03",NA,NA
"1105","2020-09-04",NA,NA
"1106","2020-09-05",NA,NA
"1107","2020-09-06",NA,NA
"1108","2020-09-07",NA,NA
"1109","2020-09-08",NA,NA
"1110","2020-09-09",NA,NA
"1111","2020-09-10",NA,NA
"1112","2020-09-11",NA,NA
"1113","2020-09-12",NA,NA
"1114","2020-09-13",NA,NA
"1115","2020-09-14",NA,NA
"1116","2020-09-15",NA,NA
"1117","2020-09-16",NA,NA
"1118","2020-09-17",NA,NA
"1119","2020-09-18",NA,NA
"1120","2020-09-19",NA,NA
"1121","2020-09-20",NA,NA
"1122","2020-09-21",NA,NA
"1123","2020-09-22",NA,NA
"1124","2020-09-23",NA,NA
"1125","2020-09-24",NA,NA
"1126","2020-09-25",NA,399125.845
"1127","2020-09-26",NA,398976.9852
"1128","2020-09-27",NA,398516.8731
"1129","2020-09-28",NA,399125.845
"1130","2020-09-29",NA,399044.6488
"1131","2020-09-30",NA,398652.2002
"1132","2020-10-01",NA,398131.1909
"1133","2020-10-02",NA,397792.8732
"1134","2020-10-03",NA,397190.6677
"1135","2020-10-04",NA,397271.864
"1136","2020-10-05",NA,397826.705
"1137","2020-10-06",NA,397312.4621
"1138","2020-10-07",NA,397177.135
"1139","2020-10-08",NA,397556.0508
"1140","2020-10-09",NA,399633.3216
"1141","2020-10-10",NA,399207.0413
"1142","2020-10-11",NA,400424.985
"1143","2020-10-12",NA,400397.9196
"1144","2020-10-13",NA,399802.4804
"1145","2020-10-14",NA,399775.415
"1146","2020-10-15",NA,399274.7048
"1147","2020-10-16",NA,399125.845
"1148","2020-10-17",NA,398604.8357
"1149","2020-10-18",NA,398476.275
"1150","2020-10-19",NA,397826.705
"1151","2020-10-20",NA,397826.705
"1152","2020-10-21",NA,397826.705
"1153","2020-10-22",NA,397989.0975
"1154","2020-10-23",NA,398733.3965
"1155","2020-10-24",NA,399775.415
"1156","2020-10-25",NA,399755.1159
"1157","2020-10-26",NA,399132.6114
"1158","2020-10-27",NA,399125.845
"1159","2020-10-28",NA,398591.303
"1160","2020-10-29",NA,398476.275
"1161","2020-10-30",NA,398252.9853
"1162","2020-10-31",NA,397779.3405
"1163","2020-11-01",NA,397501.92
