DateTime,surface_height
2017-08-27,6.022127659574469
2017-08-28,6.052708333333335
2017-08-29,6.054791666666667
2017-08-30,6.059999999999999
2017-08-31,6.059999999999999
2017-09-01,6.059999999999999
2017-09-02,6.092291666666668
2017-09-03,6.0975
2017-09-04,6.095000000000002
2017-09-05,6.095000000000002
2017-09-06,6.097083333333334
2017-09-07,6.098229166666666
2017-09-08,6.095000000000002
2017-09-09,6.093229166666667
2017-09-10,6.183854166666666
2017-09-11,6.464270833333334
2017-09-12,6.532604166666665
2017-09-13,6.549375000000001
2017-09-14,6.5659375
2017-09-15,6.581770833333334
2017-09-16,6.595937500000002
2017-09-17,6.608958333333334
2017-09-18,6.620729166666667
2017-09-19,6.631770833333334
2017-09-20,6.643854166666667
2017-09-21,6.655312500000001
2017-09-22,6.666041666666668
2017-09-23,6.6759375
2017-09-24,6.688020833333333
2017-09-25,6.697500000000002
2017-09-26,6.706666666666667
2017-09-27,6.7153125
2017-09-28,6.723437500000003
2017-09-29,6.735208333333336
2017-09-30,6.747187499999999
2017-10-01,6.773125
2017-10-02,6.819687500000001
2017-10-03,6.828749999999999
2017-10-04,6.832395833333333
2017-10-05,6.839062500000001
2017-10-06,6.849166666666665
2017-10-07,6.858125000000001
2017-10-08,6.868437499999999
2017-10-09,6.887916666666666
2017-10-10,6.891562499999999
2017-10-11,6.898958333333333
2017-10-12,6.900000000000002
2017-10-13,6.900000000000002
2017-10-14,6.904270833333335
2017-10-15,6.9096875
2017-10-16,6.91
2017-10-17,6.935104166666665
2017-10-18,6.940000000000001
2017-10-19,6.940000000000001
2017-10-20,6.940000000000001
2017-10-21,6.940312500000001
2017-10-22,6.946979166666669
2017-10-23,6.952083333333334
2017-10-24,6.970000000000002
2017-10-25,6.970000000000002
2017-10-26,6.968020833333334
2017-10-27,6.965
2017-10-28,6.968125000000001
2017-10-29,6.970000000000002
2017-10-30,6.965312500000003
2017-10-31,6.965
2017-11-01,6.965
2017-11-02,6.966979166666668
2017-11-03,6.970000000000002
2017-11-04,6.970000000000002
2017-11-05,6.972916666666666
2017-11-06,6.975208333333335
2017-11-07,6.98
2017-11-08,6.98
2017-11-09,6.98072916666667
2017-11-10,6.982500000000002
2017-11-11,6.98
2017-11-12,6.98
2017-11-13,6.981979166666669
2017-11-14,6.984895833333333
2017-11-15,6.98
2017-11-16,6.98
2017-11-17,6.98
2017-11-18,6.98
2017-11-19,6.981979166666669
2017-11-20,6.9808333333333366
2017-11-21,6.97666666666667
2017-11-22,6.964895833333333
2017-11-23,6.990416666666668
2017-11-24,7.031874999999999
2017-11-25,7.035
2017-11-26,7.035
2017-11-27,7.035
2017-11-28,7.035
2017-11-29,7.035
2017-11-30,7.035
2017-12-01,7.035
2017-12-02,7.035
2017-12-03,7.035
2017-12-04,7.035
2017-12-05,7.035
2017-12-06,7.035
2017-12-07,7.035
2017-12-08,7.044375000000002
2017-12-09,7.077500000000001
2017-12-10,7.078125
2017-12-11,7.074999999999999
2017-12-12,7.074999999999999
2017-12-13,7.074999999999999
2017-12-14,7.074999999999999
2017-12-15,7.074999999999999
2017-12-16,7.074999999999999
2017-12-17,7.074999999999999
2017-12-18,7.075625000000002
2017-12-19,7.080000000000002
2017-12-20,7.081145833333334
2017-12-21,7.085000000000001
2017-12-22,7.085000000000001
2017-12-23,7.085000000000001
2017-12-24,7.085000000000001
2017-12-25,7.084479166666668
2017-12-26,7.075729166666669
2017-12-27,7.074999999999999
2017-12-28,7.074999999999999
2017-12-29,7.074791666666666
2017-12-30,7.07
2017-12-31,7.066666666666666
2018-01-01,7.065000000000001
2018-01-02,7.063437500000003
2018-01-03,7.070208333333333
2018-01-04,7.085000000000001
2018-01-05,7.083020833333336
2018-01-06,7.080000000000002
2018-01-07,7.079583333333336
2018-01-08,7.076145833333335
2018-01-09,NA
2018-01-10,7.0934375
2018-01-11,7.099999999999998
2018-01-12,7.101875
2018-01-13,7.108020833333335
2018-01-14,7.099999999999998
2018-01-15,7.099999999999998
2018-01-16,7.099999999999998
2018-01-17,7.098125
2018-01-18,7.09010416666667
2018-01-19,7.09
2018-01-20,7.09
2018-01-21,7.0866666666666696
2018-01-22,7.085000000000001
2018-01-23,7.089166666666667
2018-01-24,7.09010416666667
2018-01-25,7.09
2018-01-26,7.0866666666666696
2018-01-27,7.085000000000001
2018-01-28,7.082916666666666
2018-01-29,7.131875000000001
2018-01-30,7.087083333333332
2018-01-31,7.097291666666667
2018-02-01,7.095520833333335
2018-02-02,7.112291666666668
2018-02-03,7.10604166666667
2018-02-04,7.109999999999999
2018-02-05,7.122812500000002
2018-02-06,7.120000000000001
2018-02-07,7.120000000000001
2018-02-08,7.120000000000001
2018-02-09,7.120000000000001
2018-02-10,7.115208333333335
2018-02-11,7.114999999999998
2018-02-12,7.118645833333336
2018-02-13,7.1171875
2018-02-14,7.09
2018-02-15,7.09
2018-02-16,7.089583333333334
2018-02-17,7.084375000000001
2018-02-18,7.080000000000002
2018-02-19,7.080000000000002
2018-02-20,7.080000000000002
2018-02-21,7.076875000000001
2018-02-22,7.07
2018-02-23,7.07
2018-02-24,7.07
2018-02-25,7.064375000000002
2018-02-26,7.059999999999999
2018-02-27,7.059999999999999
2018-02-28,7.062604166666667
2018-03-01,7.0902083333333366
2018-03-02,7.085104166666667
2018-03-03,7.081041666666668
2018-03-04,7.074791666666666
2018-03-05,7.067083333333333
2018-03-06,7.065000000000001
2018-03-07,7.064270833333332
2018-03-08,7.055729166666669
2018-03-09,7.05125
2018-03-10,7.044999999999998
2018-03-11,7.044999999999998
2018-03-12,7.037291666666668
2018-03-13,7.0121875
2018-03-14,7.006979166666667
2018-03-15,7.001041666666669
2018-03-16,6.995208333333334
2018-03-17,6.992291666666667
2018-03-18,6.989999999999998
2018-03-19,6.997499999999999
2018-03-20,7.013541666666669
2018-03-21,7.008854166666666
2018-03-22,7.001145833333336
2018-03-23,6.994270833333335
2018-03-24,6.989999999999998
2018-03-25,6.985208333333336
2018-03-26,6.984583333333333
2018-03-27,6.98
2018-03-28,6.982083333333335
2018-03-29,7.004999999999999
2018-03-30,7.004999999999999
2018-03-31,7.004375
2018-04-01,6.995416666666667
2018-04-02,6.995000000000001
2018-04-03,6.993958333333335
2018-04-04,6.986458333333335
2018-04-05,6.984791666666666
2018-04-06,6.978020833333332
2018-04-07,6.975729166666667
2018-04-08,6.984791666666666
2018-04-09,6.987708333333334
2018-04-10,7.127500000000001
2018-04-11,7.149687499999999
2018-04-12,NA
2018-04-13,NA
2018-04-14,NA
2018-04-15,NA
2018-04-16,NA
2018-04-17,NA
2018-04-18,NA
2018-04-19,NA
2018-04-20,NA
2018-04-21,NA
2018-04-22,NA
2018-04-23,NA
2018-04-24,NA
2018-04-25,NA
2018-04-26,NA
2018-04-27,NA
2018-04-28,NA
2018-04-29,NA
2018-04-30,NA
2018-05-01,NA
2018-05-02,NA
2018-05-03,NA
2018-05-04,NA
2018-05-05,NA
2018-05-06,NA
2018-05-07,NA
2018-05-08,NA
2018-05-09,NA
2018-05-10,7.121979166666669
2018-05-11,7.120000000000001
2018-05-12,7.116354166666667
2018-05-13,7.109999999999999
2018-05-14,7.116354166666667
2018-05-15,7.141666666666666
2018-05-16,NA
2018-05-17,NA
2018-05-18,NA
2018-05-19,NA
2018-05-20,NA
2018-05-21,NA
2018-05-22,NA
2018-05-23,NA
2018-05-24,NA
2018-05-25,NA
2018-05-26,NA
2018-05-27,NA
2018-05-28,NA
2018-05-29,NA
2018-05-30,NA
2018-05-31,NA
2018-06-01,NA
2018-06-02,NA
2018-06-03,NA
2018-06-04,NA
2018-06-05,NA
2018-06-06,NA
2018-06-07,NA
2018-06-08,NA
2018-06-09,NA
2018-06-10,NA
2018-06-11,NA
2018-06-12,NA
2018-06-13,NA
2018-06-14,NA
2018-06-15,NA
2018-06-16,NA
2018-06-17,NA
2018-06-18,NA
2018-06-19,NA
2018-06-20,NA
2018-06-21,NA
2018-06-22,NA
2018-06-23,NA
2018-06-24,NA
2018-06-25,NA
2018-06-26,NA
2018-06-27,NA
2018-06-28,NA
2018-06-29,NA
2018-06-30,NA
2018-07-01,NA
2018-07-02,NA
2018-07-03,NA
2018-07-04,NA
2018-07-05,NA
2018-07-06,NA
2018-07-07,NA
2018-07-08,NA
2018-07-09,NA
2018-07-10,NA
2018-07-11,NA
2018-07-12,NA
2018-07-13,NA
2018-07-14,NA
2018-07-15,NA
2018-07-16,NA
2018-07-17,NA
2018-07-18,NA
2018-07-19,NA
2018-07-20,NA
2018-07-21,NA
2018-07-22,NA
2018-07-23,NA
2018-07-24,NA
2018-07-25,NA
2018-07-26,NA
2018-07-27,NA
2018-07-28,NA
2018-07-29,NA
2018-07-30,NA
2018-07-31,NA
2018-08-01,NA
2018-08-02,NA
2018-08-03,NA
2018-08-04,NA
2018-08-05,NA
2018-08-06,NA
2018-08-07,NA
2018-08-08,NA
2018-08-09,NA
2018-08-10,NA
2018-08-11,NA
2018-08-12,NA
2018-08-13,NA
2018-08-14,NA
2018-08-15,NA
2018-08-16,NA
2018-08-17,NA
2018-08-18,NA
2018-08-19,NA
2018-08-20,NA
2018-08-21,NA
2018-08-22,NA
2018-08-23,NA
2018-08-24,NA
2018-08-25,NA
2018-08-26,NA
2018-08-27,NA
2018-08-28,NA
2018-08-29,NA
2018-08-30,NA
2018-08-31,NA
2018-09-01,NA
2018-09-02,NA
2018-09-03,NA
2018-09-04,NA
2018-09-05,NA
2018-09-06,NA
2018-09-07,NA
2018-09-08,NA
2018-09-09,NA
2018-09-10,NA
2018-09-11,NA
2018-09-12,NA
2018-09-13,NA
2018-09-14,NA
2018-09-15,NA
2018-09-16,NA
2018-09-17,NA
2018-09-18,NA
2018-09-19,NA
2018-09-20,NA
2018-09-21,NA
2018-09-22,NA
2018-09-23,NA
2018-09-24,NA
2018-09-25,NA
2018-09-26,NA
2018-09-27,NA
2018-09-28,NA
2018-09-29,NA
2018-09-30,NA
2018-10-01,NA
2018-10-02,NA
2018-10-03,NA
2018-10-04,NA
2018-10-05,NA
2018-10-06,NA
2018-10-07,NA
2018-10-08,NA
2018-10-09,NA
2018-10-10,NA
2018-10-11,NA
2018-10-12,NA
2018-10-13,NA
2018-10-14,NA
2018-10-15,NA
2018-10-16,NA
2018-10-17,NA
2018-10-18,NA
2018-10-19,NA
2018-10-20,NA
2018-10-21,NA
2018-10-22,NA
2018-10-23,NA
2018-10-24,NA
2018-10-25,NA
2018-10-26,NA
2018-10-27,NA
2018-10-28,NA
2018-10-29,NA
2018-10-30,NA
2018-10-31,NA
2018-11-01,NA
2018-11-02,NA
2018-11-03,NA
2018-11-04,NA
2018-11-05,NA
2018-11-06,NA
2018-11-07,NA
2018-11-08,NA
2018-11-09,NA
2018-11-10,NA
2018-11-11,NA
2018-11-12,NA
2018-11-13,NA
2018-11-14,NA
2018-11-15,NA
2018-11-16,NA
2018-11-17,NA
2018-11-18,NA
2018-11-19,NA
2018-11-20,NA
2018-11-21,NA
2018-11-22,NA
2018-11-23,NA
2018-11-24,NA
2018-11-25,NA
2018-11-26,NA
2018-11-27,NA
2018-11-28,NA
2018-11-29,NA
2018-11-30,NA
2018-12-01,NA
2018-12-02,NA
2018-12-03,NA
2018-12-04,NA
2018-12-05,NA
2018-12-06,NA
2018-12-07,NA
2018-12-08,NA
2018-12-09,NA
2018-12-10,NA
2018-12-11,NA
2018-12-12,NA
2018-12-13,NA
2018-12-14,NA
2018-12-15,NA
2018-12-16,NA
2018-12-17,NA
2018-12-18,NA
2018-12-19,NA
2018-12-20,NA
2018-12-21,NA
2018-12-22,NA
2018-12-23,NA
2018-12-24,NA
2018-12-25,NA
2018-12-26,NA
2018-12-27,NA
2018-12-28,NA
2018-12-29,NA
2018-12-30,NA
2018-12-31,NA
2019-01-01,NA
2019-01-02,NA
2019-01-03,NA
2019-01-04,NA
2019-01-05,NA
2019-01-06,NA
2019-01-07,NA
2019-01-08,NA
2019-01-09,NA
2019-01-10,NA
2019-01-11,NA
2019-01-12,NA
2019-01-13,NA
2019-01-14,NA
2019-01-15,NA
2019-01-16,NA
2019-01-17,NA
2019-01-18,7.734583333333333
2019-01-19,7.725000000000001
2019-01-20,7.741458333333334
2019-01-21,7.7934375
2019-01-22,7.768229166666668
2019-01-23,7.726979166666666
2019-01-24,7.710520833333334
2019-01-25,7.7734375
2019-01-26,7.779687500000001
2019-01-27,7.772395833333334
2019-01-28,7.810729166666668
2019-01-29,7.792916666666667
2019-01-30,7.796458333333334
2019-01-31,7.579062499999999
2019-02-01,NA
2019-02-02,NA
2019-02-03,NA
2019-02-04,NA
2019-02-05,NA
2019-02-06,7.549687500000001
2019-02-07,NA
2019-02-08,NA
2019-02-09,7.824375
2019-02-10,NA
2019-02-11,7.771250000000002
2019-02-12,NA
2019-02-13,7.745104166666668
2019-02-14,7.667291666666667
2019-02-15,7.634583333333335
2019-02-16,NA
2019-02-17,NA
2019-02-18,NA
2019-02-19,7.973333333333333
2019-02-20,NA
2019-02-21,NA
2019-02-22,NA
2019-02-23,NA
2019-02-24,NA
2019-02-25,NA
2019-02-26,NA
2019-02-27,NA
2019-02-28,NA
2019-03-01,NA
2019-03-02,NA
2019-03-03,NA
2019-03-04,NA
2019-03-05,NA
2019-03-06,NA
2019-03-07,NA
2019-03-08,NA
2019-03-09,NA
2019-03-10,NA
2019-03-11,NA
2019-03-12,NA
2019-03-13,NA
2019-03-14,NA
2019-03-15,NA
2019-03-16,NA
2019-03-17,NA
2019-03-18,NA
2019-03-19,NA
2019-03-20,NA
2019-03-21,NA
2019-03-22,NA
2019-03-23,NA
2019-03-24,NA
2019-03-25,NA
2019-03-26,NA
2019-03-27,NA
2019-03-28,NA
2019-03-29,7.677395833333332
2019-03-30,7.670000000000002
2019-03-31,7.660416666666666
2019-04-01,NA
2019-04-02,NA
2019-04-03,NA
2019-04-04,NA
2019-04-05,NA
2019-04-06,7.730625
2019-04-07,7.728333333333335
2019-04-08,NA
2019-04-09,NA
2019-04-10,NA
2019-04-11,NA
2019-04-12,NA
2019-04-13,NA
2019-04-14,NA
2019-04-15,NA
2019-04-16,NA
2019-04-17,NA
2019-04-18,NA
2019-04-19,NA
2019-04-20,NA
2019-04-21,NA
2019-04-22,NA
2019-04-23,NA
2019-04-24,NA
2019-04-25,NA
2019-04-26,NA
2019-04-27,NA
2019-04-28,NA
2019-04-29,NA
2019-04-30,NA
2019-05-01,NA
2019-05-02,NA
2019-05-03,NA
2019-05-04,NA
2019-05-05,NA
2019-05-06,NA
2019-05-07,NA
2019-05-08,NA
2019-05-09,NA
2019-05-10,NA
2019-05-11,NA
2019-05-12,NA
2019-05-13,NA
2019-05-14,NA
2019-05-15,NA
2019-05-16,NA
2019-05-17,NA
2019-05-18,NA
2019-05-19,NA
2019-05-20,NA
2019-05-21,NA
2019-05-22,NA
2019-05-23,NA
2019-05-24,NA
2019-05-25,NA
2019-05-26,NA
2019-05-27,NA
2019-05-28,NA
2019-05-29,NA
2019-05-30,NA
2019-05-31,NA
2019-06-01,NA
2019-06-02,NA
2019-06-03,NA
2019-06-04,NA
2019-06-05,NA
2019-06-06,NA
2019-06-07,NA
2019-06-08,NA
2019-06-09,NA
2019-06-10,NA
2019-06-11,NA
2019-06-12,NA
2019-06-13,NA
2019-06-14,NA
2019-06-15,NA
2019-06-16,NA
2019-06-17,NA
2019-06-18,NA
2019-06-19,NA
2019-06-20,NA
2019-06-21,NA
2019-06-22,NA
2019-06-23,NA
2019-06-24,NA
2019-06-25,NA
2019-06-26,NA
2019-06-27,NA
2019-06-28,NA
2019-06-29,NA
2019-06-30,NA
2019-07-01,NA
2019-07-02,NA
2019-07-03,NA
2019-07-04,NA
2019-07-05,NA
2019-07-06,NA
2019-07-07,NA
2019-07-08,NA
2019-07-09,NA
2019-07-10,NA
2019-07-11,NA
2019-07-12,NA
2019-07-13,NA
2019-07-14,NA
2019-07-15,NA
2019-07-16,NA
2019-07-17,NA
2019-07-18,7.674687500000001
2019-07-19,7.669687500000002
2019-07-20,7.662187500000002
2019-07-21,7.65625
2019-07-22,7.651562500000001
2019-07-23,7.645416666666666
2019-07-24,7.641458333333333
2019-07-25,7.651875
2019-07-26,7.64875
2019-07-27,7.645416666666666
2019-07-28,7.640000000000001
2019-07-29,7.631145833333335
2019-07-30,7.626041666666669
2019-07-31,7.619479166666668
2019-08-01,7.609999999999999
2019-08-02,7.609999999999999
2019-08-03,7.603333333333335
2019-08-04,7.598020833333333
2019-08-05,7.59
2019-08-06,7.586874999999999
2019-08-07,7.591250000000002
2019-08-08,7.594270833333333
2019-08-09,7.588020833333335
2019-08-10,7.580000000000002
2019-08-11,7.571145833333333
2019-08-12,7.57
2019-08-13,7.567708333333332
2019-08-14,7.559999999999999
2019-08-15,NA
2019-08-16,7.558645833333333
2019-08-17,7.573229166666668
2019-08-18,7.580000000000002
2019-08-19,7.580000000000002
2019-08-20,7.580000000000002
2019-08-21,7.575312500000003
2019-08-22,7.572916666666668
2019-08-23,7.57
2019-08-24,7.560416666666669
2019-08-25,7.556875000000002
2019-08-26,7.559687499999999
2019-08-27,7.560833333333335
2019-08-28,7.558333333333334
2019-08-29,7.550000000000001
2019-08-30,7.546770833333333
2019-08-31,7.567395833333332
2019-09-01,7.561250000000001
2019-09-02,7.565000000000001
2019-09-03,7.563020833333333
2019-09-04,7.572083333333335
2019-09-05,7.577708333333334
2019-09-06,7.57
2019-09-07,7.562604166666667
2019-09-08,7.557916666666667
2019-09-09,7.550000000000001
2019-09-10,7.541875000000001
2019-09-11,7.536562500000002
2019-09-12,7.529270833333335
2019-09-13,7.52
2019-09-14,7.513437500000002
2019-09-15,7.509687500000002
2019-09-16,7.5
2019-09-17,7.496145833333333
2019-09-18,7.488750000000003
2019-09-19,7.48
2019-09-20,7.471875000000001
2019-09-21,7.466666666666669
2019-09-22,7.458333333333336
2019-09-23,7.449999999999999
2019-09-24,7.442187500000003
2019-09-25,7.438020833333333
2019-09-26,7.43
2019-09-27,7.4253125
2019-09-28,7.420000000000002
2019-09-29,7.410625
2019-09-30,7.408020833333335
2019-10-01,7.400000000000002
2019-10-02,7.3940625
2019-10-03,7.389166666666668
2019-10-04,7.379999999999999
2019-10-05,7.376354166666669
2019-10-06,7.370000000000001
2019-10-07,NA
2019-10-08,NA
2019-10-09,NA
2019-10-10,NA
2019-10-11,NA
2019-10-12,NA
2019-10-13,NA
2019-10-14,NA
2019-10-15,NA
2019-10-16,NA
2019-10-17,NA
2019-10-18,NA
2019-10-19,NA
2019-10-20,NA
2019-10-21,NA
2019-10-22,NA
2019-10-23,7.3315625
2019-10-24,7.322708333333335
2019-10-25,7.319895833333334
2019-10-26,7.311354166666668
2019-10-27,7.315104166666668
2019-10-28,7.309999999999999
2019-10-29,7.309999999999999
2019-10-30,7.301979166666669
2019-10-31,7.300000000000001
2019-11-01,7.293125
2019-11-02,7.283333333333335
2019-11-03,7.276458333333334
2019-11-04,7.27
2019-11-05,7.264687500000001
2019-11-06,7.260000000000002
2019-11-07,7.259270833333336
2019-11-08,7.25
2019-11-09,7.253020833333334
2019-11-10,7.249062500000001
2019-11-11,7.240000000000002
2019-11-12,7.239895833333335
2019-11-13,7.230625
2019-11-14,7.220625000000002
2019-11-15,7.236562500000002
2019-11-16,7.25
2019-11-17,7.243437500000002
2019-11-18,7.240000000000002
2019-11-19,7.2340625
2019-11-20,NA
2019-11-21,NA
2019-11-22,7.224895833333335
2019-11-23,7.218854166666667
2019-11-24,7.223229166666666
2019-11-25,7.222083333333334
2019-11-26,7.215833333333332
2019-11-27,7.210833333333333
2019-11-28,7.208020833333336
2019-11-29,7.202187500000001
2019-11-30,7.198645833333334
2019-12-01,7.194895833333334
2019-12-02,7.189687500000002
2019-12-03,7.181979166666668
2019-12-04,NA
2019-12-05,7.165000000000003
2019-12-06,7.156458333333333
2019-12-07,7.155000000000001
2019-12-08,7.148020833333334
2019-12-09,7.145
2019-12-10,7.145
2019-12-11,7.139375000000001
2019-12-12,7.135000000000002
2019-12-13,7.135000000000002
2019-12-14,7.152916666666666
2019-12-15,7.161979166666669
2019-12-16,7.155000000000001
2019-12-17,7.155000000000001
2019-12-18,7.151875
2019-12-19,7.143958333333334
2019-12-20,7.135416666666668
2019-12-21,7.135000000000002
2019-12-22,7.141875000000002
2019-12-23,7.212708333333335
2019-12-24,7.235000000000003
2019-12-25,7.235000000000003
2019-12-26,7.235000000000003
2019-12-27,7.233229166666668
2019-12-28,7.23
2019-12-29,7.231979166666669
2019-12-30,7.235000000000003
2019-12-31,NA
2020-01-01,7.224687500000002
2020-01-02,7.218333333333334
2020-01-03,7.215
2020-01-04,7.222708333333333
2020-01-05,7.227604166666669
2020-01-06,7.222083333333334
2020-01-07,7.215
2020-01-08,7.211041666666667
2020-01-09,7.205000000000002
2020-01-10,7.200416666666669
2020-01-11,7.195416666666667
2020-01-12,7.195
2020-01-13,7.193541666666668
2020-01-14,7.187291666666667
2020-01-15,7.184999999999999
2020-01-16,7.182604166666668
2020-01-17,7.175729166666667
2020-01-18,7.171041666666667
2020-01-19,7.165000000000003
2020-01-20,7.163645833333334
2020-01-21,7.155208333333334
2020-01-22,7.146562499999998
2020-01-23,7.139479166666668
2020-01-24,7.135000000000002
2020-01-25,7.134166666666669
2020-01-26,7.127187500000002
2020-01-27,7.125
2020-01-28,7.120416666666667
2020-01-29,7.114999999999998
2020-01-30,NA
2020-01-31,7.110208333333333
2020-02-01,7.105
2020-02-02,7.102812499999999
2020-02-03,7.095000000000002
2020-02-04,7.093333333333334
2020-02-05,7.085000000000001
2020-02-06,7.085000000000001
2020-02-07,7.094791666666666
2020-02-08,7.0896875
2020-02-09,7.084583333333335
2020-02-10,7.076250000000002
2020-02-11,7.074999999999999
2020-02-12,7.071666666666669
2020-02-13,7.065000000000001
2020-02-14,7.063958333333336
2020-02-15,7.055520833333333
2020-02-16,7.051874999999999
2020-02-17,7.046666666666667
2020-02-18,7.045000000000002
2020-02-19,7.040729166666669
2020-02-20,7.035
2020-02-21,7.033541666666668
2020-02-22,7.024062499999999
2020-02-23,7.016145833333333
2020-02-24,7.014062500000001
2020-02-25,7.009687499999998
2020-02-26,7.016666666666666
2020-02-27,7.026875
2020-02-28,7.02
2020-02-29,7.012916666666666
2020-03-01,7.004999999999999
2020-03-02,6.998333333333335
2020-03-03,6.995000000000001
2020-03-04,6.990000000000002
2020-03-05,6.985000000000003
2020-03-06,6.9840625
2020-03-07,6.974166666666669
2020-03-08,6.9653125
2020-03-09,6.959270833333335
2020-03-10,6.955000000000002
2020-03-11,6.950937500000002
2020-03-12,6.945
2020-03-13,6.9415625
2020-03-14,6.934999999999999
2020-03-15,6.930312499999999
2020-03-16,6.925000000000001
2020-03-17,6.9175
2020-03-18,6.914791666666666
2020-03-19,6.905416666666667
2020-03-20,6.902916666666666
2020-03-21,6.895
2020-03-22,6.889375000000001
2020-03-23,6.885000000000002
2020-03-24,6.877395833333335
2020-03-25,6.873958333333334
2020-03-26,6.864999999999998
2020-03-27,6.860312499999999
2020-03-28,6.854583333333334
2020-03-29,6.845000000000002
2020-03-30,6.840729166666666
2020-03-31,6.835000000000001
2020-04-01,6.8440625
2020-04-02,6.835000000000001
2020-04-03,6.826354166666668
2020-04-04,6.820520833333333
2020-04-05,6.818333333333335
2020-04-06,6.817083333333336
2020-04-07,6.812708333333333
2020-04-08,6.805
2020-04-09,6.8009375
2020-04-10,6.793437500000003
2020-04-11,6.785
2020-04-12,6.775104166666669
2020-04-13,6.774583333333332
2020-04-14,6.800416666666667
2020-04-15,6.849583333333335
2020-04-16,6.875
2020-04-17,6.8675
2020-04-18,6.864999999999998
2020-04-19,6.864062499999999
2020-04-20,6.855520833333333
2020-04-21,6.853125000000002
2020-04-22,6.844166666666666
2020-04-23,6.835000000000001
2020-04-24,6.8325
2020-04-25,6.833750000000002
2020-04-26,6.824999999999999
2020-04-27,6.81625
2020-04-28,6.805208333333333
2020-04-29,6.796666666666667
2020-04-30,6.801041666666666
2020-05-01,6.793958333333336
2020-05-02,6.784895833333334
2020-05-03,6.775104166666669
2020-05-04,6.769270833333334
2020-05-05,6.763125000000002
2020-05-06,6.754791666666666
2020-05-07,6.743750000000002
2020-05-08,6.733645833333334
2020-05-09,6.724479166666669
2020-05-10,6.717812500000001
2020-05-11,6.715
2020-05-12,6.7071875
2020-05-13,6.698333333333334
2020-05-14,6.692083333333333
2020-05-15,6.684270833333333
2020-05-16,6.675000000000001
2020-05-17,6.672708333333333
2020-05-18,6.665000000000003
2020-05-19,6.657083333333333
2020-05-20,6.650833333333335
2020-05-21,6.643125000000001
2020-05-22,6.634895833333335
2020-05-23,6.625729166666666
2020-05-24,6.62125
2020-05-25,6.616979166666667
2020-05-26,6.625
2020-05-27,6.620208333333334
2020-05-28,6.621145833333333
2020-05-29,6.6290625
2020-05-30,6.674166666666668
2020-05-31,6.674479166666668
2020-06-01,6.674583333333334
2020-06-02,6.665520833333336
2020-06-03,6.656145833333333
2020-06-04,6.680416666666666
2020-06-05,6.715
2020-06-06,6.716354166666665
2020-06-07,6.780416666666667
2020-06-08,6.805
2020-06-09,6.805
2020-06-10,6.806354166666665
2020-06-11,6.815104166666668
2020-06-12,6.814895833333335
2020-06-13,6.822708333333335
2020-06-14,6.8240625
2020-06-15,6.815208333333334
2020-06-16,6.807916666666667
2020-06-17,6.802812500000002
2020-06-18,6.805
2020-06-19,6.799583333333334
2020-06-20,6.797916666666669
2020-06-21,6.794479166666669
2020-06-22,6.786249999999999
2020-06-23,6.787708333333335
2020-06-24,6.808020833333334
2020-06-25,6.803541666666668
2020-06-26,6.791354166666668
2020-06-27,6.780520833333334
2020-06-28,6.785
2020-06-29,6.778541666666669
2020-06-30,6.773958333333333
2020-07-01,6.765625
2020-07-02,6.762291666666666
2020-07-03,6.762083333333333
2020-07-04,NA
2020-07-05,NA
2020-07-06,NA
2020-07-07,NA
2020-07-08,NA
2020-07-09,NA
2020-07-10,NA
2020-07-11,NA
2020-07-12,NA
2020-07-13,NA
2020-07-14,NA
2020-07-15,NA
2020-07-16,NA
2020-07-17,NA
2020-07-18,NA
2020-07-19,NA
2020-07-20,NA
2020-07-21,NA
2020-07-22,NA
2020-07-23,NA
2020-07-24,NA
2020-07-25,NA
2020-07-26,NA
2020-07-27,NA
2020-07-28,NA
2020-07-29,NA
2020-07-30,NA
2020-07-31,NA
2020-08-01,NA
2020-08-02,NA
2020-08-03,NA
2020-08-04,NA
2020-08-05,NA
2020-08-06,NA
2020-08-07,NA
2020-08-08,NA
2020-08-09,NA
2020-08-10,NA
2020-08-11,NA
2020-08-12,NA
2020-08-13,NA
2020-08-14,NA
2020-08-15,NA
2020-08-16,NA
2020-08-17,NA
2020-08-18,NA
2020-08-19,NA
2020-08-20,NA
2020-08-21,NA
2020-08-22,NA
2020-08-23,NA
2020-08-24,NA
2020-08-25,NA
2020-08-26,NA
2020-08-27,NA
2020-08-28,NA
2020-08-29,NA
2020-08-30,NA
2020-08-31,NA
2020-09-01,NA
2020-09-02,NA
2020-09-03,NA
2020-09-04,NA
2020-09-05,NA
2020-09-06,NA
2020-09-07,NA
2020-09-08,NA
2020-09-09,NA
2020-09-10,NA
2020-09-11,NA
2020-09-12,NA
2020-09-13,NA
2020-09-14,NA
2020-09-15,NA
2020-09-16,NA
2020-09-17,NA
2020-09-18,NA
2020-09-19,NA
2020-09-20,NA
2020-09-21,NA
2020-09-22,NA
2020-09-23,NA
2020-09-24,NA
2020-09-25,6.585000000000001
2020-09-26,6.582708333333333
2020-09-27,6.575625000000002
2020-09-28,6.585000000000001
2020-09-29,6.583750000000002
2020-09-30,6.577708333333334
2020-10-01,6.569687500000001
2020-10-02,6.564479166666668
2020-10-03,6.555208333333333
2020-10-04,6.556458333333332
2020-10-05,6.565000000000001
2020-10-06,6.557083333333335
2020-10-07,6.555
2020-10-08,6.560833333333335
2020-10-09,6.592812500000001
2020-10-10,6.58625
2020-10-11,6.605
2020-10-12,6.604583333333334
2020-10-13,6.595416666666669
2020-10-14,6.595000000000002
2020-10-15,6.587291666666669
2020-10-16,6.585000000000001
2020-10-17,6.576979166666668
2020-10-18,6.574999999999999
2020-10-19,6.565000000000001
2020-10-20,6.565000000000001
2020-10-21,6.565000000000001
2020-10-22,6.567500000000003
2020-10-23,6.578958333333333
2020-10-24,6.595000000000002
2020-10-25,6.594687499999999
2020-10-26,6.585104166666667
2020-10-27,6.585000000000001
2020-10-28,6.576770833333335
2020-10-29,6.574999999999999
2020-10-30,6.571562500000002
2020-10-31,6.564270833333335
2020-11-01,6.559999999999999
