time,FLOW,TEMP,SALT
2017-08-27,0,31.47553191,0
2017-08-28,0,31.10833333,0
2017-08-29,0,30.88875,0
2017-08-30,0,31.01479167,0
2017-08-31,0,31.50854167,0
2017-09-01,0,31.52958333,0
2017-09-02,0,31.07729167,0
2017-09-03,0,30.69,0
2017-09-04,0.000116453,31.13625,0
2017-09-05,0,30.8575,0
2017-09-06,0,30.78583333,0
2017-09-07,0,30.46458333,0
2017-09-08,0,30.18270833,0
2017-09-09,0,29.77395833,0
2017-09-10,0,28.96770833,0
2017-09-11,0,27.166875,0
2017-09-12,0,26.54458333,0
2017-09-13,0,26.949375,0
2017-09-14,0,27.70416667,0
2017-09-15,0,28.550625,0
2017-09-16,0,29.236875,0
2017-09-17,0,28.83125,0
2017-09-18,0,28.79541667,0
2017-09-19,0.021817873,28.50291667,0
2017-09-20,0,28.684375,0
2017-09-21,0,29.02895833,0
2017-09-22,0.003961802,29.00145833,0
2017-09-23,0,28.916875,0
2017-09-24,0,28.90916667,0
2017-09-25,0,29.02770833,0
2017-09-26,0,29.47166667,0
2017-09-27,0,29.6925,0
2017-09-28,0,29.803125,0
2017-09-29,0,29.875,0
2017-09-30,0,29.85916667,0
2017-10-01,0,28.91770833,0
2017-10-02,0,28.224375,0
2017-10-03,0,27.91604167,0
2017-10-04,0,27.63979167,0
2017-10-05,0,27.33979167,0
2017-10-06,0,27.2675,0
2017-10-07,0,27.97770833,0
2017-10-08,0,28.38875,0
2017-10-09,0,28.519375,0
2017-10-10,0,29.160625,0
2017-10-11,0,29.40833333,0
2017-10-12,0,29.275,0
2017-10-13,0,28.82083333,0
2017-10-14,0,28.54979167,0
2017-10-15,0,28.55729167,0
2017-10-16,0,28.56020833,0
2017-10-17,0,28.31083333,0
2017-10-18,0,27.17479167,0
2017-10-19,0,26.59020833,0
2017-10-20,0,26.42458333,0
2017-10-21,0,26.35333333,0
2017-10-22,0,26.400625,0
2017-10-23,0,26.57770833,0
2017-10-24,0,26.430625,0
2017-10-25,0,25.90604167,0
2017-10-26,0,24.99125,0
2017-10-27,0,24.35958333,0
2017-10-28,0,24.04875,0
2017-10-29,0,23.86541667,0
2017-10-30,0,22.90770833,0
2017-10-31,0,22.35333333,0
2017-11-01,0,22.11625,0
2017-11-02,0,22.16291667,0
2017-11-03,0,22.44854167,0
2017-11-04,0,22.640625,0
2017-11-05,0,22.68458333,0
2017-11-06,0,22.85229167,0
2017-11-07,0,23.23416667,0
2017-11-08,0,23.33083333,0
2017-11-09,0,23.57895833,0
2017-11-10,0,23.11770833,0
2017-11-11,0,22.49708333,0
2017-11-12,0,22.28208333,0
2017-11-13,0,22.41666667,0
2017-11-14,0,22.25083333,0
2017-11-15,0,21.61708333,0
2017-11-16,0,21.086875,0
2017-11-17,0,20.87541667,0
2017-11-18,0,20.79333333,0
2017-11-19,0,20.751875,0
2017-11-20,0,20.35229167,0
2017-11-21,0.007160723,20.13354167,0
2017-11-22,0.016238925,20.248125,0
2017-11-23,0.005216473,20.240625,0
2017-11-24,0,19.93020833,0
2017-11-25,0.004229874,19.87583333,0
2017-11-26,0,19.89833333,0
2017-11-27,0,19.823125,0
2017-11-28,0,19.91517857,0
2017-11-29,0,20.00723214,0
2017-11-30,0,20.09928571,0
2017-12-01,0,20.19133929,0
2017-12-02,0,20.28339286,0
2017-12-03,0,20.37544643,0
2017-12-04,0,20.4675,0
2017-12-05,0,20.57041667,0
2017-12-06,0,20.88604167,0
2017-12-07,0,20.55083333,0
2017-12-08,0,19.83770833,0
2017-12-09,0.002356462,19.00833333,0
2017-12-10,0.003981144,18.0225,0
2017-12-11,0.003444425,17.38291667,0
2017-12-12,0.003682477,16.98395833,0
2017-12-13,0.002866863,16.66729167,0
2017-12-14,0.004247941,16.41416667,0
2017-12-15,0,16.84065476,0
2017-12-16,0,17.26714286,0
2017-12-17,0,17.69363095,0
2017-12-18,0,18.12011905,0
2017-12-19,0,18.54660714,0
2017-12-20,0,18.97309524,0
2017-12-21,0,19.39958333,0
2017-12-22,0,19.86479167,0
2017-12-23,0,20.086875,0
2017-12-24,0,20.24354167,0
2017-12-25,0,19.85770833,0
2017-12-26,0.003748644,18.42520833,0
2017-12-27,0,18.10416667,0
2017-12-28,0,18.18058333,0
2017-12-29,0,18.257,0
2017-12-30,0,18.33341667,0
2017-12-31,0,18.40983333,0
2018-01-01,0,18.48625,0
2018-01-02,0.015392902,18.56266667,0
2018-01-03,0.006715331,18.63908333,0
2018-01-04,0,18.7155,0
2018-01-05,0.000647172,18.79191667,0
2018-01-06,0,18.86833333,0
2018-01-07,0,18.94475,0
2018-01-08,0,19.02116667,0
2018-01-09,0,19.09758333,0
2018-01-10,0,19.174,0
2018-01-11,0,19.25041667,0
2018-01-12,0,19.32683333,0
2018-01-13,0,19.40325,0
2018-01-14,0,19.47966667,0
2018-01-15,0,19.55608333,0
2018-01-16,0,19.6325,0
2018-01-17,0,19.70891667,0
2018-01-18,0,19.78533333,0
2018-01-19,0,19.86175,0
2018-01-20,0,19.93816667,0
2018-01-21,0,20.01458333,0
2018-01-22,0,20.091,0
2018-01-23,0,20.16741667,0
2018-01-24,0,20.24383333,0
2018-01-25,0,20.32025,0
2018-01-26,0.000443772,20.39666667,0
2018-01-27,0,20.47308333,0
2018-01-28,0,20.5495,0
2018-01-29,0,20.62591667,0
2018-01-30,0,20.70233333,0
2018-01-31,0.001041286,20.77875,0
2018-02-01,0,20.85516667,0
2018-02-02,0,20.93158333,0
2018-02-03,0,21.008,0
2018-02-04,0,21.08441667,0
2018-02-05,0,21.16083333,0
2018-02-06,0,21.23725,0
2018-02-07,0,21.31366667,0
2018-02-08,0,21.39008333,0
2018-02-09,0,21.4665,0
2018-02-10,0,21.54291667,0
2018-02-11,0,21.61933333,0
2018-02-12,0,21.69575,0
2018-02-13,0,21.77216667,0
2018-02-14,0,21.84858333,0
2018-02-15,0,21.925,0
2018-02-16,0,22.00141667,0
2018-02-17,0,22.07783333,0
2018-02-18,0,22.15425,0
2018-02-19,0,22.23066667,0
2018-02-20,0,22.30708333,0
2018-02-21,0,22.3835,0
2018-02-22,0,22.45991667,0
2018-02-23,0,22.53633333,0
2018-02-24,0,22.61275,0
2018-02-25,0,22.68916667,0
2018-02-26,0,22.76558333,0
2018-02-27,0,22.842,0
2018-02-28,0,22.91841667,0
2018-03-01,0,22.99483333,0
2018-03-02,0,23.07125,0
2018-03-03,0.012754101,21.87895833,0
2018-03-04,0.010472644,21.01375,0
2018-03-05,0.059261021,20.4725,0
2018-03-06,0,20.25104167,0
2018-03-07,0,20.1175,0
2018-03-08,0.018779069,19.58270833,0
2018-03-09,0.008177501,19.04791667,0
2018-03-10,0.00514341,18.86708333,0
2018-03-11,0.003265383,18.70145833,0
2018-03-12,0,19.28604167,0
2018-03-13,0.012744016,18.54458333,0
2018-03-14,0.00810258,18.21625,0
2018-03-15,0.018561167,17.83520833,0
2018-03-16,0.010744535,17.69104167,0
2018-03-17,0,18.16041667,0
2018-03-18,0,18.62895833,0
2018-03-19,0,18.47903646,0
2018-03-20,0,18.32911458,0
2018-03-21,0,18.17919271,0
2018-03-22,0.021472873,18.02927083,0
2018-03-23,0.013808085,17.87934896,0
2018-03-24,0.002123049,17.72942708,0
2018-03-25,0.017884018,17.57950521,0
2018-03-26,0,17.42958333,0
2018-03-27,0,17.640625,0
2018-03-28,0,17.85166667,0
2018-03-29,0,18.06270833,0
2018-03-30,0,18.614375,0
2018-03-31,0,18.28604167,0
2018-04-01,0,18.06020833,0
2018-04-02,0,18.59604167,0
2018-04-03,0.001627735,19.5925,0
2018-04-04,0,20.26458333,0
2018-04-05,0,19.50520833,0
2018-04-06,0.004371718,19.04875,0
2018-04-07,0,19.53395833,0
2018-04-08,0,18.995625,0
2018-04-09,0,18.28520833,0
2018-04-10,0,17.88166667,0
2018-04-11,0,17.98465278,0
2018-04-12,0.004818458,18.08763889,0
2018-04-13,0.011636358,18.190625,0
2018-04-14,0,18.77333333,0
2018-04-15,0,19.22041667,0
2018-04-16,0,17.92208333,0
2018-04-17,0.024896411,17.55458333,0
2018-04-18,0.01821917,17.885,0
2018-04-19,0.010627407,18.30416667,0
2018-04-20,0.004857131,18.39125,0
2018-04-21,0.00492214,17.88541667,0
2018-04-22,0,18.10422619,0
2018-04-23,0,18.32303571,0
2018-04-24,0,18.54184524,0
2018-04-25,0.010161998,18.76065476,0
2018-04-26,0.005103959,18.97946429,0
2018-04-27,0.009596006,19.19827381,0
2018-04-28,0.010719787,19.41708333,0
2018-04-29,0.012176408,19.63589286,0
2018-04-30,0.028683505,19.85470238,0
2018-05-01,0.033021546,20.0735119,0
2018-05-02,0.016658691,20.29232143,0
2018-05-03,0.004994972,20.51113095,0
2018-05-04,0.011221838,20.72994048,0
2018-05-05,0,20.94875,0
2018-05-06,0,20.894375,0
2018-05-07,0,21.30479167,0
2018-05-08,0.024844052,21.59375,0
2018-05-09,0.024218617,22.11534722,0
2018-05-10,0.019106518,22.63694444,0
2018-05-11,0.003529275,23.15854167,0
2018-05-12,0.002628092,23.62395833,0
2018-05-13,0.023734888,22.88708333,0
2018-05-14,0,22.41458333,0
2018-05-15,0,21.97375,0
2018-05-16,0,21.85854167,0
2018-05-17,0,21.89354167,0
2018-05-18,0,21.91770833,0
2018-05-19,0,22.23166667,0
2018-05-20,0,22.20104167,0
2018-05-21,0,22.1859375,0
2018-05-22,0,22.17083333,0
2018-05-23,0,22.5525,0
2018-05-24,0,23.1803125,0
2018-05-25,0,23.808125,0
2018-05-26,0.023859962,23.6453125,0
2018-05-27,0.008830278,23.4825,0
2018-05-28,0,23.45324662,0
2018-05-29,0,23.42399323,0
2018-05-30,0,23.39473985,0
2018-05-31,0,23.36548646,0
2018-06-01,0,23.33623308,0
2018-06-02,0,23.3069797,0
2018-06-03,0.011177925,23.27772631,0
2018-06-04,0.00936135,23.24847293,0
2018-06-05,0,23.21921954,0
2018-06-06,0.012877369,23.18996616,0
2018-06-07,0,23.16071277,0
2018-06-08,0.015425884,23.13145939,0
2018-06-09,0,23.10220601,0
2018-06-10,0.041553792,23.07295262,0
2018-06-11,0.001392466,23.04369924,0
2018-06-12,0.004064474,23.01444585,0
2018-06-13,0.013061244,22.98519247,0
2018-06-14,0.007392882,22.95593909,0
2018-06-15,0.011173296,22.9266857,0
2018-06-16,0,22.89743232,0
2018-06-17,0.01329593,22.86817893,0
2018-06-18,0.01973617,22.83892555,0
2018-06-19,0.065780061,22.80967217,0
2018-06-20,0.028641516,22.78041878,0
2018-06-21,0.007399803,22.7511654,0
2018-06-22,0.003476806,22.72191201,0
2018-06-23,0.024559313,22.69265863,0
2018-06-24,0.033179225,22.66340525,0
2018-06-25,0,22.63415186,0
2018-06-26,0.05832762,22.60489848,0
2018-06-27,0.004930668,22.57564509,0
2018-06-28,0.016333818,22.54639171,0
2018-06-29,0.0156026,22.51713832,0
2018-06-30,0.023683737,22.48788494,0
2018-07-01,0.024859984,22.45863156,0
2018-07-02,0.035096017,22.42937817,0
2018-07-03,0.01018617,22.40012479,0
2018-07-04,0.006128757,22.3708714,0
2018-07-05,0.007531785,22.34161802,0
2018-07-06,0.028710225,22.31236464,0
2018-07-07,0.0265295,22.28311125,0
2018-07-08,0.012504377,22.25385787,0
2018-07-09,0.017557993,22.22460448,0
2018-07-10,0.014500445,22.1953511,0
2018-07-11,0.007700526,22.16609772,0
2018-07-12,0.017750251,22.13684433,0
2018-07-13,0.015453653,22.10759095,0
2018-07-14,0,22.07833756,0
2018-07-15,7.35E-05,22.04908418,0
2018-07-16,0,22.0198308,0
2018-07-17,0,21.99057741,0
2018-07-18,0,21.96132403,0
2018-07-19,0,21.93207064,0
2018-07-20,0,21.90281726,0
2018-07-21,0.00025155,21.87356387,0
2018-07-22,0.002073985,21.84431049,0
2018-07-23,0,21.81505711,0
2018-07-24,0.014314663,21.78580372,0
2018-07-25,0.017285347,21.75655034,0
2018-07-26,0.002326964,21.72729695,0
2018-07-27,0.011664474,21.69804357,0
2018-07-28,0.003837511,21.66879019,0
2018-07-29,9.20E-05,21.6395368,0
2018-07-30,0.0074192,21.61028342,0
2018-07-31,0.001834037,21.58103003,0
2018-08-01,0.002363321,21.55177665,0
2018-08-02,0.004441041,21.52252327,0
2018-08-03,0.004636248,21.49326988,0
2018-08-04,0.01340982,21.4640165,0
2018-08-05,0.032037998,21.43476311,0
2018-08-06,0.028061223,21.40550973,0
2018-08-07,0.032151352,21.37625635,0
2018-08-08,0,21.34700296,0
2018-08-09,0.009094786,21.31774958,0
2018-08-10,0.001693555,21.28849619,0
2018-08-11,0.003106688,21.25924281,0
2018-08-12,0.010939726,21.22998942,0
2018-08-13,0.013782066,21.20073604,0
2018-08-14,0,21.17148266,0
2018-08-15,0.004098254,21.14222927,0
2018-08-16,0.00820837,21.11297589,0
2018-08-17,0.008359096,21.0837225,0
2018-08-18,0.003016828,21.05446912,0
2018-08-19,0.034702239,21.02521574,0
2018-08-20,0.005418788,20.99596235,0
2018-08-21,0.000288148,20.96670897,0
2018-08-22,0.004715558,20.93745558,0
2018-08-23,0.002271404,20.9082022,0
2018-08-24,0.013828408,20.87894882,0
2018-08-25,0.007516989,20.84969543,0
2018-08-26,0.002301206,20.82044205,0
2018-08-27,0.018380493,20.79118866,0
2018-08-28,0.030979973,20.76193528,0
2018-08-29,0.057735181,20.7326819,0
2018-08-30,0.001324708,20.70342851,0
2018-08-31,0.009571685,20.67417513,0
2018-09-01,0.024016778,20.64492174,0
2018-09-02,0.022517379,20.61566836,0
2018-09-03,0.01520335,20.58641497,0
2018-09-04,0.003684368,20.55716159,0
2018-09-05,0.011309747,20.52790821,0
2018-09-06,0.013812521,20.49865482,0
2018-09-07,0.02726707,20.46940144,0
2018-09-08,0.013444948,20.44014805,0
2018-09-09,0.007152387,20.41089467,0
2018-09-10,0.002274763,20.38164129,0
2018-09-11,0,20.3523879,0
2018-09-12,0,20.32313452,0
2018-09-13,0.014726301,20.29388113,0
2018-09-14,0.006835375,20.26462775,0
2018-09-15,0.000430327,20.23537437,0
2018-09-16,0.010833879,20.20612098,0
2018-09-17,0.012558933,20.1768676,0
2018-09-18,0,20.14761421,0
2018-09-19,0.021509097,20.11836083,0
2018-09-20,0.015072081,20.08910745,0
2018-09-21,0.037748614,20.05985406,0
2018-09-22,0.042489809,20.03060068,0
2018-09-23,0.019144175,20.00134729,0
2018-09-24,0.034210305,19.97209391,0
2018-09-25,0,19.94284052,0
2018-09-26,0.022573882,19.91358714,0
2018-09-27,0,19.88433376,0
2018-09-28,0,19.85508037,0
2018-09-29,0.010996411,19.82582699,0
2018-09-30,0.007447807,19.7965736,0
2018-10-01,0.028512028,19.76732022,0
2018-10-02,0,19.73806684,0
2018-10-03,0.019888564,19.70881345,0
2018-10-04,0.031117078,19.67956007,0
2018-10-05,0.022606648,19.65030668,0
2018-10-06,0.022030704,19.6210533,0
2018-10-07,0.019033339,19.59179992,0
2018-10-08,0.009808958,19.56254653,0
2018-10-09,0,19.53329315,0
2018-10-10,0,19.50403976,0
2018-10-11,0,19.47478638,0
2018-10-12,0.003801755,19.44553299,0
2018-10-13,0.007501488,19.41627961,0
2018-10-14,0.01320038,19.38702623,0
2018-10-15,0.000376767,19.35777284,0
2018-10-16,0,19.32851946,0
2018-10-17,0,19.29926607,0
2018-10-18,0,19.27001269,0
2018-10-19,0,19.24075931,0
2018-10-20,0.003312522,19.21150592,0
2018-10-21,0.000720763,19.18225254,0
2018-10-22,0.050811286,19.15299915,0
2018-10-23,0.017978642,19.12374577,0
2018-10-24,0,19.09449239,0
2018-10-25,0.012580986,19.065239,0
2018-10-26,0,19.03598562,0
2018-10-27,0,19.00673223,0
2018-10-28,0.00495751,18.97747885,0
2018-10-29,0.004187366,18.94822547,0
2018-10-30,0,18.91897208,0
2018-10-31,0.019454103,18.8897187,0
2018-11-01,0,18.86046531,0
2018-11-02,0,18.83121193,0
2018-11-03,0,18.80195854,0
2018-11-04,0.007643858,18.77270516,0
2018-11-05,0,18.74345178,0
2018-11-06,0,18.71419839,0
2018-11-07,0,18.68494501,0
2018-11-08,0,18.65569162,0
2018-11-09,0,18.62643824,0
2018-11-10,0,18.59718486,0
2018-11-11,0.000422127,18.56793147,0
2018-11-12,0,18.53867809,0
2018-11-13,0,18.5094247,0
2018-11-14,0,18.48017132,0
2018-11-15,0,18.45091794,0
2018-11-16,0.000744342,18.42166455,0
2018-11-17,0.002502563,18.39241117,0
2018-11-18,0,18.36315778,0
2018-11-19,0,18.3339044,0
2018-11-20,0,18.30465102,0
2018-11-21,0,18.27539763,0
2018-11-22,0.001839997,18.24614425,0
2018-11-23,0,18.21689086,0
2018-11-24,0,18.18763748,0
2018-11-25,0,18.15838409,0
2018-11-26,0,18.12913071,0
2018-11-27,0,18.09987733,0
2018-11-28,0.014271505,18.07062394,0
2018-11-29,0.004818574,18.04137056,0
2018-11-30,0.001424435,18.01211717,0
2018-12-01,0,17.98286379,0
2018-12-02,0,17.95361041,0
2018-12-03,0,17.92435702,0
2018-12-04,0,17.89510364,0
2018-12-05,0,17.86585025,0
2018-12-06,0.0051914,17.83659687,0
2018-12-07,0,17.80734349,0
2018-12-08,0,17.7780901,0
2018-12-09,0,17.74883672,0
2018-12-10,0,17.71958333,0
2018-12-11,0.005956944,17.32645833,0
2018-12-12,0,16.93333333,0
2018-12-13,0,16.54020833,0
2018-12-14,0,16.55127976,0
2018-12-15,0,16.56235119,0
2018-12-16,0,16.57342262,0
2018-12-17,0,16.58449405,0
2018-12-18,0,16.59556548,0
2018-12-19,0,16.6066369,0
2018-12-20,0,16.61770833,0
2018-12-21,0,16.43333333,0
2018-12-22,0,16.24895833,0
2018-12-23,0,16.06458333,0
2018-12-24,0,15.95479167,0
2018-12-25,0,16.08354167,0
2018-12-26,0,16.16083333,0
2018-12-27,0,16.315625,0
2018-12-28,0,16.9725,0
2018-12-29,0,17.42125,0
2018-12-30,0,17.674375,0
2018-12-31,0,18.10166667,0
2019-01-01,0,18.70270833,0
2019-01-02,0,19.198125,0
2019-01-03,0,19.69708333,0
2019-01-04,0,20.26791667,0
2019-01-05,0,19.45916667,0
2019-01-06,0,18.28583333,0
2019-01-07,0,17.92958333,0
2019-01-08,0,17.96291667,0
2019-01-09,0,18.01270833,0
2019-01-10,0.004169364,17.48541667,0
2019-01-11,0.004604954,16.96895833,0
2019-01-12,0,16.77416667,0
2019-01-13,0,17.11541667,0
2019-01-14,0,17.193125,0
2019-01-15,0,16.80104167,0
2019-01-16,0.000446064,16.42625,0
2019-01-17,0,16.110625,0
2019-01-18,0,16.141875,0
2019-01-19,0,16.48520833,0
2019-01-20,0,16.76979167,0
2019-01-21,0.005274561,15.9375,0
2019-01-22,0.015885775,15.63270833,0
2019-01-23,0,16.04833333,0
2019-01-24,0,16.86270833,0
2019-01-25,0,16.59291667,0
2019-01-26,0.002041386,15.954375,0
2019-01-27,0,15.55729167,0
2019-01-28,0,15.01041667,0
2019-01-29,0,14.95416667,0
2019-01-30,0,14.704375,0
2019-01-31,0,14.4796875,0
2019-02-01,0,14.255,0
2019-02-02,0,14.901875,0
2019-02-03,0,15.31229167,0
2019-02-04,0,15.628125,0
2019-02-05,0,16.00479167,0
2019-02-06,0,16.420625,0
2019-02-07,0,16.93666667,0
2019-02-08,0,17.48375,0
2019-02-09,0,17.92395833,0
2019-02-10,0,17.323125,0
2019-02-11,0,17.97010417,0
2019-02-12,0,18.61708333,0
2019-02-13,0,19.25666667,0
2019-02-14,0.00179635,17.75104167,0
2019-02-15,0,17.78916667,0
2019-02-16,0,18.02291667,0
2019-02-17,0,18.693125,0
2019-02-18,0,19.46145833,0
2019-02-19,0,20.22979167,0
2019-02-20,0,19.87020833,0
2019-02-21,0,20.14395833,0
2019-02-22,0,20.71895833,0
2019-02-23,0,21.230625,0
2019-02-24,0,22.42875,0
2019-02-25,0,21.694375,0
2019-02-26,0.020075567,20.35,0
2019-02-27,0,19.99666667,0
2019-02-28,0,20.39277778,0
2019-03-01,0,20.78888889,0
2019-03-02,0,21.185,0
2019-03-03,0,21.18979167,0
2019-03-04,4.18E-06,21.39291667,0
2019-03-05,0,20.43791667,0
2019-03-06,0.004469067,19.15145833,0
2019-03-07,0.009514989,18.60645833,0
2019-03-08,0.02380207,18.84604167,0
2019-03-09,0.005853308,19.27895833,0
2019-03-10,0,19.98145833,0
2019-03-11,0,20.48854167,0
2019-03-12,0,21.48958333,0
2019-03-13,0.004683459,21.63666667,0
2019-03-14,0,21.48395833,0
2019-03-15,0,21.9484375,0
2019-03-16,0,22.41291667,0
2019-03-17,0,21.39875,0
2019-03-18,0,20.37625,0
2019-03-19,0,19.96541667,0
2019-03-20,0,19.45833333,0
2019-03-21,0,19.57708333,0
2019-03-22,0.017125244,19.61604167,0
2019-03-23,0.010266693,19.73854167,0
2019-03-24,0.011511503,20.07,0
2019-03-25,0,20.78270833,0
2019-03-26,0,21.19541667,0
2019-03-27,0,21.08208333,0
2019-03-28,0.033434349,20.48479167,0
2019-03-29,0.016213099,20.719375,0
2019-03-30,0.000735641,21.16572917,0
2019-03-31,0.002820195,21.61208333,0
2019-04-01,0,21.38430556,0
2019-04-02,0,21.15652778,0
2019-04-03,0.002720602,20.92875,0
2019-04-04,0.012942113,21.169375,0
2019-04-05,0,21.79958333,0
2019-04-06,0,22.24541667,0
2019-04-07,0,22.80625,0
2019-04-08,0,23.69927083,0
2019-04-09,0,24.59229167,0
2019-04-10,0,24.50791667,0
2019-04-11,0,24.58895833,0
2019-04-12,0,24.92791667,0
2019-04-13,0,25.64291667,0
2019-04-14,0,25.98708333,0
2019-04-15,0,25.29229167,0
2019-04-16,0.019799413,24.77395833,0
2019-04-17,0.032568211,24.755625,0
2019-04-18,0,24.96,0
2019-04-19,0.026729428,25.13354167,0
2019-04-20,0.005129116,24.053125,0
2019-04-21,0.047197907,23.73375,0
2019-04-22,0.013246346,23.786875,0
2019-04-23,0.044954442,23.99875,0
2019-04-24,0.034794424,24.37520833,0
2019-04-25,0.004872608,24.8015625,0
2019-04-26,0.008766827,25.22791667,0
2019-04-27,0,24.915625,0
2019-04-28,0.013320308,25.20354167,0
2019-04-29,0,25.795,0
2019-04-30,0.011401891,26.13916667,0
2019-05-01,0,26.4225,0
2019-05-02,0.011271635,26.644375,0
2019-05-03,0,26.81604167,0
2019-05-04,0,27.141875,0
2019-05-05,0.005767003,27.28916667,0
2019-05-06,0,26.77583333,0
2019-05-07,0.001106702,27.45479167,0
2019-05-08,0.010447901,27.83333333,0
2019-05-09,0.031567147,27.84739583,0
2019-05-10,0,27.86145833,0
2019-05-11,0.008913749,28.27395833,0
2019-05-12,0,28.70895833,0
2019-05-13,0.004571956,28.57208333,0
2019-05-14,0.00920761,28.33583333,0
2019-05-15,0.003943362,28.43208333,0
2019-05-16,0.054084327,28.385,0
2019-05-17,0.024864655,28.48479167,0
2019-05-18,0,28.72291667,0
2019-05-19,0.04349151,28.68604167,0
2019-05-20,0.002905105,29.05541667,0
2019-05-21,0.011093786,29.42166667,0
2019-05-22,0.026556297,29.7875,0
2019-05-23,0.044275822,29.73385417,0
2019-05-24,0.033961748,29.68020833,0
2019-05-25,0.045635944,29.91229167,0
2019-05-26,0.038221822,29.993125,0
2019-05-27,0.040101245,30.37833333,0
2019-05-28,0.013037201,30.63604167,0
2019-05-29,0.01143579,30.51625,0
2019-05-30,0.022956253,30.74875,0
2019-05-31,0.024681456,30.991875,0
2019-06-01,0.005089073,30.87375,0
2019-06-02,0.010774718,31.07854167,0
2019-06-03,0.01729904,31.29208333,0
2019-06-04,0,31.50020833,0
2019-06-05,0.020307721,31.47166667,0
2019-06-06,0,31.48929878,0
2019-06-07,0.001339717,31.50693089,0
2019-06-08,0.017420721,31.52456301,0
2019-06-09,0.014488468,31.54219512,0
2019-06-10,0,31.55982724,0
2019-06-11,0.014700148,31.57745935,0
2019-06-12,0.011629854,31.59509146,0
2019-06-13,0.000373644,31.61272358,0
2019-06-14,0,31.63035569,0
2019-06-15,0.069875451,31.6479878,0
2019-06-16,0.004473172,31.66561992,0
2019-06-17,0.002870155,31.68325203,0
2019-06-18,0.010959991,31.70088415,0
2019-06-19,0.004704618,31.71851626,0
2019-06-20,0.006964663,31.73614837,0
2019-06-21,0,31.75378049,0
2019-06-22,0,31.7714126,0
2019-06-23,0.010784137,31.78904472,0
2019-06-24,0.01083284,31.80667683,0
2019-06-25,0.018534122,31.82430894,0
2019-06-26,0.008968522,31.84194106,0
2019-06-27,0.020663981,31.85957317,0
2019-06-28,0.095628275,31.87720528,0
2019-06-29,0.001150862,31.8948374,0
2019-06-30,0.048162872,31.91246951,0
2019-07-01,0,31.93010163,0
2019-07-02,0,31.94773374,0
2019-07-03,0.012839212,31.96536585,0
2019-07-04,0.012524197,31.98299797,0
2019-07-05,0.020841201,32.00063008,0
2019-07-06,0.007170479,32.0182622,0
2019-07-07,0.038572825,32.03589431,0
2019-07-08,0.014975808,32.05352642,0
2019-07-09,0.068069564,32.07115854,0
2019-07-10,0.019739714,32.08879065,0
2019-07-11,0.002811449,32.10642276,0
2019-07-12,0.034419414,32.12405488,0
2019-07-13,0.001623653,32.14168699,0
2019-07-14,0.043755925,32.15931911,0
2019-07-15,0.0261542,32.17695122,0
2019-07-16,0.022061936,32.19458333,0
2019-07-17,0.014422498,32.15652778,0
2019-07-18,0.005256425,32.11847222,0
2019-07-19,0.016383405,32.08041667,0
2019-07-20,0.012741708,32.00359375,0
2019-07-21,0.022076974,31.92677083,0
2019-07-22,0.015028775,31.84994792,0
2019-07-23,0.038697205,31.773125,0
2019-07-24,0.042391699,31.74958333,0
2019-07-25,0.040112713,31.72604167,0
2019-07-26,0.028327833,31.7025,0
2019-07-27,0.021561357,31.67895833,0
2019-07-28,0.032849672,31.65541667,0
2019-07-29,0.015575417,31.631875,0
2019-07-30,0.049801677,31.60833333,0
2019-07-31,0.045053573,31.58479167,0
2019-08-01,0.015061734,31.56125,0
2019-08-02,0.02278811,31.53770833,0
2019-08-03,0.039067066,31.51416667,0
2019-08-04,0.011402395,31.490625,0
2019-08-05,0.006669707,31.46708333,0
2019-08-06,0.007899652,31.44354167,0
2019-08-07,0,31.42,0
2019-08-08,0.025495152,31.39645833,0
2019-08-09,0.01833327,31.37291667,0
2019-08-10,0.020183638,31.31324112,0
2019-08-11,0.090338641,31.25356557,0
2019-08-12,0,31.19389003,0
2019-08-13,0.075992554,31.13421448,0
2019-08-14,0.042876395,31.07453893,0
2019-08-15,0.032230241,31.01486339,0
2019-08-16,0.030580458,30.95518784,0
2019-08-17,0.01935978,30.8955123,0
2019-08-18,0.016332566,30.83583675,0
2019-08-19,0.022895096,30.7761612,0
2019-08-20,0,30.71648566,0
2019-08-21,0.044494995,30.65681011,0
2019-08-22,0.034448965,30.59713456,0
2019-08-23,0.066301325,30.53745902,0
2019-08-24,0.062085733,30.47778347,0
2019-08-25,0.067060963,30.41810792,0
2019-08-26,0.011816303,30.35843238,0
2019-08-27,0.024618686,30.29875683,0
2019-08-28,0.003849944,30.23908128,0
2019-08-29,0.006198781,30.17940574,0
2019-08-30,0.071520209,30.11973019,0
2019-08-31,0.010731724,30.06005464,0
2019-09-01,0.048582749,30.0003791,0
2019-09-02,0.022503616,29.94070355,0
2019-09-03,0.011417001,29.88102801,0
2019-09-04,0.036351993,29.82135246,0
2019-09-05,0,29.76167691,0
2019-09-06,0.009280259,29.70200137,0
2019-09-07,0.008184784,29.64232582,0
2019-09-08,0.004352135,29.58265027,0
2019-09-09,0.002972269,29.52297473,0
2019-09-10,0.041358512,29.46329918,0
2019-09-11,0.062401712,29.40362363,0
2019-09-12,0.061588093,29.34394809,0
2019-09-13,0.043611947,29.28427254,0
2019-09-14,0.041830914,29.22459699,0
2019-09-15,0.046017668,29.16492145,0
2019-09-16,0.016138247,29.1052459,0
2019-09-17,0.041288165,29.04557036,0
2019-09-18,0.070559101,28.98589481,0
2019-09-19,0.04598147,28.92621926,0
2019-09-20,0.054546674,28.86654372,0
2019-09-21,0.058153796,28.80686817,0
2019-09-22,0.086805115,28.74719262,0
2019-09-23,0.0546611,28.68751708,0
2019-09-24,0.029538058,28.62784153,0
2019-09-25,0.003704419,28.56816598,0
2019-09-26,0,28.50849044,0
2019-09-27,0.013164672,28.44881489,0
2019-09-28,0.022792685,28.38913934,0
2019-09-29,0.036751007,28.3294638,0
2019-09-30,0.012153576,28.26978825,0
2019-10-01,0.022359039,28.2101127,0
2019-10-02,0.011696102,28.15043716,0
2019-10-03,0.027494459,28.09076161,0
2019-10-04,0.039133231,28.03108607,0
2019-10-05,0.011385722,27.97141052,0
2019-10-06,0.029250238,27.91173497,0
2019-10-07,0.002019083,27.85205943,0
2019-10-08,0.000800483,27.79238388,0
2019-10-09,0.005125756,27.73270833,0
2019-10-10,0.019003192,27.50104167,0
2019-10-11,0.015026177,27.30958333,0
2019-10-12,0.039838269,27.164375,0
2019-10-13,0.00960658,27.13208333,0
2019-10-14,0.008545759,27.20833333,0
2019-10-15,0.014071898,27.331875,0
2019-10-16,0,27.28979167,0
2019-10-17,0,27.07979167,0
2019-10-18,0.018363126,26.47916667,0
2019-10-19,0,25.93916667,0
2019-10-20,0,25.99625,0
2019-10-21,0,26.070625,0
2019-10-22,0,26.06568452,0
2019-10-23,0,26.06074405,0
2019-10-24,0.054317601,26.05580357,0
2019-10-25,0,26.0508631,0
2019-10-26,0,26.04592262,0
2019-10-27,0.001678581,26.04098214,0
2019-10-28,0,26.03604167,0
2019-10-29,0,26.38916667,0
2019-10-30,0,26.79020833,0
2019-10-31,0,27.180625,0
2019-11-01,0.000953005,26.62604167,0
2019-11-02,0.036218798,25.579375,0
2019-11-03,0.006554669,24.945,0
2019-11-04,0.022615865,24.310625,0
2019-11-05,0.000188622,24.14166667,0
2019-11-06,0.004061249,24.2525,0
2019-11-07,0.006027656,23.94683333,0
2019-11-08,0,23.64116667,0
2019-11-09,0.004627577,23.3355,0
2019-11-10,0.02595937,23.02983333,0
2019-11-11,0.014734588,22.72416667,0
2019-11-12,0,22.75125,0
2019-11-13,0,22.06895833,0
2019-11-14,0.026177235,21.15166667,0
2019-11-15,0,20.71458333,0
2019-11-16,0.001835081,20.15395833,0
2019-11-17,0.010833775,19.49875,0
2019-11-18,0.004316469,18.84354167,0
2019-11-19,0,18.75104167,0
2019-11-20,0.00269545,18.691875,0
2019-11-21,0.000837679,18.63270833,0
2019-11-22,0,18.57354167,0
2019-11-23,0,18.514375,0
2019-11-24,0,18.45520833,0
2019-11-25,0.002686567,18.39604167,0
2019-11-26,0,18.336875,0
2019-11-27,0.000529293,18.27770833,0
2019-11-28,0,18.67708333,0
2019-11-29,0.002104282,18.749375,0
2019-11-30,0,18.65916667,0
2019-12-01,0,18.93708333,0
2019-12-02,0,19.08479167,0
2019-12-03,0.003509278,18.49888889,0
2019-12-04,0.003589796,17.91298611,0
2019-12-05,0.001705828,17.32708333,0
2019-12-06,0.001092415,17.120625,0
2019-12-07,0,17.07354167,0
2019-12-08,0,17.090625,0
2019-12-09,0,17.614375,0
2019-12-10,0,18.09104167,0
2019-12-11,0,18.51729167,0
2019-12-12,0,17.86333333,0
2019-12-13,0,17.89229167,0
2019-12-14,0,18.26708333,0
2019-12-15,0,18.18979167,0
2019-12-16,0,18.13854167,0
2019-12-17,0,18.7275,0
2019-12-18,0,18.71155556,0
2019-12-19,0.003923265,18.69561111,0
2019-12-20,0.000288045,18.67966667,0
2019-12-21,0,18.66372222,0
2019-12-22,0,18.64777778,0
2019-12-23,0,18.63183333,0
2019-12-24,0,18.61588889,0
2019-12-25,0,18.59994444,0
2019-12-26,0,18.584,0
2019-12-27,0,18.56805556,0
2019-12-28,0,18.55211111,0
2019-12-29,0,18.53616667,0
2019-12-30,0,18.52022222,0
2019-12-31,0,18.50427778,0
2020-01-01,0.004008496,18.48833333,0
2020-01-02,0.001343967,18.83708333,0
2020-01-03,0,19.18583333,0
2020-01-04,0,19.53458333,0
2020-01-05,0,18.7203125,0
2020-01-06,0.004031709,17.90604167,0
2020-01-07,0,17.60520833,0
2020-01-08,0,17.355625,0
2020-01-09,0,16.97166667,0
2020-01-10,0,17.19958333,0
2020-01-11,0,17.980625,0
2020-01-12,0,18.76166667,0
2020-01-13,0,19.21291667,0
2020-01-14,0,19.62729167,0
2020-01-15,0,20.00104167,0
2020-01-16,0,20.43729167,0
2020-01-17,0,19.89604167,0
2020-01-18,0.00086473,19.35479167,0
2020-01-19,0,19.473125,0
2020-01-20,0,18.57197917,0
2020-01-21,0.012956569,17.67083333,0
2020-01-22,0.010138982,17.07583333,0
2020-01-23,0,16.48083333,0
2020-01-24,0,15.88583333,0
2020-01-25,0,16.17333333,0
2020-01-26,0,16.034375,0
2020-01-27,0,16.00854167,0
2020-01-28,0,15.99604167,0
2020-01-29,0,15.75666667,0
2020-01-30,0,15.51729167,0
2020-01-31,0,15.46958333,0
2020-02-01,0,15.53,0
2020-02-02,0,15.46791667,0
2020-02-03,0,15.40583333,0
2020-02-04,0,15.68770833,0
2020-02-05,0,16.10104167,0
2020-02-06,0,16.99166667,0
2020-02-07,0,17.42604167,0
2020-02-08,0.006665294,16.756875,0
2020-02-09,0,16.76479167,0
2020-02-10,0,17.063125,0
2020-02-11,0,17.87020833,0
2020-02-12,0,18.05104167,0
2020-02-13,0,18.231875,0
2020-02-14,0,18.41270833,0
2020-02-15,0,18.59354167,0
2020-02-16,0,18.774375,0
2020-02-17,0,18.95520833,0
2020-02-18,0,19.13604167,0
2020-02-19,0,19.628125,0
2020-02-20,0,20.28770833,0
2020-02-21,0,19.155,0
2020-02-22,0.025348479,17.51666667,0
2020-02-23,0.009029695,17.21708333,0
2020-02-24,0,17.61958333,0
2020-02-25,0,17.84458333,0
2020-02-26,0,18.06958333,0
2020-02-27,0,17.76104167,0
2020-02-28,0,17.420625,0
2020-02-29,0.002779185,17.16458333,0
2020-03-01,0.009063786,17.03416667,0
2020-03-02,0.010757441,17.35375,0
2020-03-03,0,17.86395833,0
2020-03-04,0,18.93333333,0
2020-03-05,0,20.20354167,0
2020-03-06,0,20.59729167,0
2020-03-07,0,19.27458333,0
2020-03-08,0.018299345,18.411875,0
2020-03-09,0,18.4946875,0
2020-03-10,0,18.5775,0
2020-03-11,0,19.05479167,0
2020-03-12,0.005473829,19.658125,0
2020-03-13,0,20.18645833,0
2020-03-14,0,20.80791667,0
2020-03-15,0,21.433125,0
2020-03-16,0,22.22729167,0
2020-03-17,0,22.726875,0
2020-03-18,0,23.25458333,0
2020-03-19,0,23.61020833,0
2020-03-20,0,24.03125,0
2020-03-21,0,24.270625,0
2020-03-22,0,24.541875,0
2020-03-23,0,24.971875,0
2020-03-24,0,25.27270833,0
2020-03-25,0,24.98,0
2020-03-26,0,25.03875,0
2020-03-27,0,25.34375,0
2020-03-28,0,25.836875,0
2020-03-29,0,26.22541667,0
2020-03-30,0,26.555,0
2020-03-31,0,26.64625,0
2020-04-01,0,25.59395833,0
2020-04-02,0,24.90541667,0
2020-04-03,0,24.685625,0
2020-04-04,0,24.69604167,0
2020-04-05,0,24.63604167,0
2020-04-06,0,24.29520833,0
2020-04-07,0,24.29041667,0
2020-04-08,0,24.845,0
2020-04-09,0,25.27354167,0
2020-04-10,0,25.53083333,0
2020-04-11,0,24.90145833,0
2020-04-12,0,24.980625,0
2020-04-13,0,25.40354167,0
2020-04-14,0,25.5075,0
2020-04-15,0,25.363125,0
2020-04-16,0.007875596,24.55104167,0
2020-04-17,0.104757721,24.25083333,0
2020-04-18,0.014995591,24.43604167,0
2020-04-19,0,24.788125,0
2020-04-20,0,25.46729167,0
2020-04-21,0,25.77958333,0
2020-04-22,0,25.840625,0
2020-04-23,0,25.65708333,0
2020-04-24,0,25.57479167,0
2020-04-25,0,25.46020833,0
2020-04-26,0,26.18541667,0
2020-04-27,0,25.766875,0
2020-04-28,0,25.61375,0
2020-04-29,0,25.579375,0
2020-04-30,0,25.660625,0
2020-05-01,0,25.60770833,0
2020-05-02,0,25.53458333,0
2020-05-03,0,25.84854167,0
2020-05-04,0,26.34145833,0
2020-05-05,0,26.615,0
2020-05-06,0,26.68479167,0
2020-05-07,0,26.33270833,0
2020-05-08,0,25.84583333,0
2020-05-09,0,25.71041667,0
2020-05-10,0,25.44125,0
2020-05-11,0,25.390625,0
2020-05-12,0,25.595625,0
2020-05-13,0,25.519375,0
2020-05-14,0,25.57958333,0
2020-05-15,0,25.716875,0
2020-05-16,0,25.98020833,0
2020-05-17,0,26.2675,0
2020-05-18,0,26.71916667,0
2020-05-19,0,26.70875,0
2020-05-20,0,27.03770833,0
2020-05-21,0,27.35708333,0
2020-05-22,0,27.74625,0
2020-05-23,0,28.2125,0
2020-05-24,0,28.516875,0
2020-05-25,0,28.26770833,0
2020-05-26,0,27.80770833,0
2020-05-27,0,27.88375,0
2020-05-28,0,28.2775,0
2020-05-29,0,28.04541667,0
2020-05-30,0,28.17666667,0
2020-05-31,0,28.67208333,0
2020-06-01,0,29.24729167,0
2020-06-02,0,28.90520833,0
2020-06-03,0,28.79729167,0
2020-06-04,0,28.54625,0
2020-06-05,0,28.335,0
2020-06-06,0,28.19041667,0
2020-06-07,0,27.810625,0
2020-06-08,0,27.783125,0
2020-06-09,0,28.37729167,0
2020-06-10,0,28.57791667,0
2020-06-11,0,28.858125,0
2020-06-12,0,29.16604167,0
2020-06-13,0,29.303125,0
2020-06-14,0,29.29541667,0
2020-06-15,0,29.28395833,0
2020-06-16,0,29.2725,0
2020-06-17,0.050049371,29.20416667,0
2020-06-18,0.040286587,29.3075,0
2020-06-19,0.033354599,29.72,0
2020-06-20,0.162552996,29.78458333,0
2020-06-21,0,30.17375,0
2020-06-22,0.034363211,30.60645833,0
2020-06-23,0.057234185,30.658125,0
2020-06-24,0.024455049,30.595,0
2020-06-25,0.004402753,30.89145833,0
2020-06-26,0.007409743,31.16166667,0
2020-06-27,0.027925592,31.41416667,0
2020-06-28,0.026725401,31.21020833,0
2020-06-29,0.023375498,31.56125,0
2020-06-30,0.026291878,31.866875,0
2020-07-01,0.010865993,31.67166667,0
2020-07-02,0.025718315,31.340625,0
2020-07-03,0.020839138,31.27479167,0
2020-07-04,0.032646972,31.12,0
2020-07-05,0.034236622,30.87125,0
2020-07-06,0.020259701,30.57145833,0
2020-07-07,0.015340076,30.303125,0
2020-07-08,0.001770941,30.25708333,0
2020-07-09,0.012075515,30.46083333,0
2020-07-10,0.01239534,30.951875,0
2020-07-11,0.0180836,31.14625,0
2020-07-12,0.065245785,31.56541667,0
2020-07-13,0.012509882,31.70895833,0
2020-07-14,0.02919815,31.78416667,0
2020-07-15,0.034367763,31.81340278,0
2020-07-16,0,31.84263889,0
2020-07-17,0.088491813,31.871875,0
2020-07-18,0.05743153,31.76125,0
2020-07-19,0.047638449,31.81270833,0
2020-07-20,0.054187993,31.89791667,0
2020-07-21,0.043349346,31.964375,0
2020-07-22,0.020367158,31.85604167,0
2020-07-23,0.002931671,31.5275,0
2020-07-24,0.023689639,31.40416667,0
2020-07-25,0.048822849,31.43958333,0
2020-07-26,0.036339157,31.52604167,0
2020-07-27,0.000606539,31.58229167,0
2020-07-28,0.003403742,31.525,0
2020-07-29,0.009511346,31.270625,0
2020-07-30,0,31.10354167,0
2020-07-31,0.015285533,31.35381944,0
2020-08-01,0,31.60409722,0
2020-08-02,0,31.854375,0
2020-08-03,0.01781148,31.70020833,0
2020-08-04,0,31.8975,0
2020-08-05,0,32.06791667,0
2020-08-06,0.007996104,32.118125,0
2020-08-07,0.01652955,31.91479167,0
2020-08-08,0.001558639,31.55583333,0
2020-08-09,0,31.72375,0
2020-08-10,0.037159076,31.910625,0
2020-08-11,0.007187445,31.79625,0
2020-08-12,0.017200506,31.45270833,0
2020-08-13,0.003838698,31.6325,0
2020-08-14,0.005543648,31.76770833,0
2020-08-15,0.063748901,31.75041667,0
2020-08-16,0.00638224,31.71229167,0
2020-08-17,0,31.87020833,0
2020-08-18,0.006208085,31.57875,0
2020-08-19,0.032141956,31.11291667,0
2020-08-20,0,30.949375,0
2020-08-21,0,30.58854167,0
2020-08-22,0.006231818,30.18229167,0
2020-08-23,0.014221024,30.13375,0
2020-08-24,0,30.43708333,0
2020-08-25,0,30.72458333,0
2020-08-26,0,31.01458333,0
2020-08-27,0,31.114375,0
2020-08-28,0.002109275,31.11791667,0
2020-08-29,0.00143905,31.17708333,0
2020-08-30,0,30.89208333,0
2020-08-31,0.026408877,30.70833333,0
2020-09-01,0,30.63125,0
2020-09-02,0.012201754,30.89625,0
2020-09-03,0,31.36125,0
2020-09-04,0,31.67604167,0
2020-09-05,0,31.73020833,0
2020-09-06,0,31.80125,0
2020-09-07,0,31.40104167,0
2020-09-08,0,31.02104167,0
2020-09-09,0,30.77479167,0
2020-09-10,0,30.73270833,0
2020-09-11,0,30.690625,0
2020-09-12,0,30.49791667,0
2020-09-13,0,30.30604167,0
2020-09-14,0,30.28041667,0
2020-09-15,0,30.15291667,0
2020-09-16,0,30.00645833,0
2020-09-17,0,29.76895833,0
2020-09-18,0,29.65895833,0
2020-09-19,0,29.39333333,0
2020-09-20,0,28.52583333,0
2020-09-21,0,27.69020833,0
2020-09-22,0,27.27916667,0
2020-09-23,0,27.079375,0
2020-09-24,0,27.3321875,0
2020-09-25,0,27.585,0
2020-09-26,0,28.128125,0
2020-09-27,0,28.49833333,0
2020-09-28,0,28.11520833,0
2020-09-29,0,28.04,0
2020-09-30,0,27.56729167,0
2020-10-01,0,27.18895833,0
2020-10-02,0,26.84145833,0
2020-10-03,0,26.33020833,0
2020-10-04,0,25.724375,0
2020-10-05,0,25.2075,0
2020-10-06,0,25.24229167,0
2020-10-07,0,25.87114583,0
2020-10-08,0,26.5,0
2020-10-09,0,26.98895833,0
2020-10-10,0,27.19354167,0
2020-10-11,0,27.51333333,0
2020-10-12,0,27.47291667,0
2020-10-13,0,27.42229167,0
2020-10-14,0,27.63208333,0
2020-10-15,0,27.66020833,0
2020-10-16,0,27.84916667,0
2020-10-17,0,27.58375,0
2020-10-18,0,27.41,0
2020-10-19,0,26.88978723,0
2020-10-20,0,26.82125,0
2020-10-21,0,26.74833333,0
2020-10-22,0,26.67729167,0
2020-10-23,0,26.73041667,0
2020-10-24,0,26.75666667,0
2020-10-25,0,26.81375,0
2020-10-26,0,27.08166667,0
2020-10-27,0,27.16958333,0
2020-10-28,0,27.27416667,0
2020-10-29,0,27.350625,0
2020-10-30,0,27.03479167,0
2020-10-31,0,26.72239583,0
2020-11-01,0,26.41,0
